Name,Shop,Face_Type,Personal_Color,Eye_Position,Hair_Style,Tags,Comment,Image_Filename,Source_URL
つなかん,大船ルミネウィング店,丸顔,イエベ,普通,,"#加工技術, #フレーム選定, #キレイめ, #メガネ, #女性におすすめ, #旅行, #猫好き, #アート, #写真, #スニーカー","スタッフコメント
2025.12.14
軽やかなかけ心地と高級感を両立した
オーバルチタンメガネは、普段使いに
最適な一本です。

フロント全面にチタンを使用し、
軽量で締め付け感の少ない設計により、
長時間の着用でも負担を感じさせません。

メタルフレームのきらめきが上品な
アクセントとなり、フェミニンでキレイめな印象を演出します。
ピンクのカラーリングは女性らしさを引き
立て、ナチュラルな美しさを引き出します。

デザイン性と快適さを兼ね備えたメガネは、日常のコーディネートにさりげない華やかさをプラスし、洗練されたスタイルをサポートします。
高品質な素材と丁寧な仕上げにより、
長く愛用できる一本です。

つなかん
丸顔イエベ
普通
大船ルミネウィング店
#女性におすすめ
#キレイめ
#メガネ
#ピンク
#フェミニン
#メタル",つなかん.jpeg,https://www.zoff.co.jp/shop/contents/staff_gallery_detail.aspx?cid=56596794
夏,イオンモール橿原店,丸顔,イエベ,普通,,"#認定眼鏡士, #視力測定, #イエベ向け, #クリアフレーム, #ユニセックスにおすすめ, #初心者におすすめ, #カフェ巡り, #アート, #ゲーム, #旅行","スタッフコメント
2025.12.12
【カフェラテをイメージしたミルキーなカラー】

ブラウンのプラスチックフレームは、ユニセックスにおすすめで初心者でも気軽に取り入れやすいデザインです！

クリアフレームのボストンタイプは、カジュアルなスタイルにぴったりで、様々なコーデに自然に溶け込みます🙆‍♀️
普段使いからコーデのアクセントまで幅広く活躍しそうです💭

夏
丸顔イエベ
普通
イオンモール橿原店
#ユニセックスにおすすめ
#初心者におすすめ
#イエベ向け
#クリアフレーム
#カジュアル
#メガネ
#ブラウン
#プラスチック",夏.jpeg,https://www.zoff.co.jp/shop/contents/staff_gallery_detail.aspx?cid=56532889
こま,イオンモール木曽川店,丸顔,イエベ,普通,,"#コンタクト併用相談, #調整技術, #ミニマル, #トレンド, #デート, #おうち時間, #古着, #映画鑑賞, #読書, #K-POP","ガーリーコーデが好きです⋆౨ৎ˚

参考にしていただけますと嬉しいです✩ˎˊ˗",こま.jpeg,https://www.zoff.co.jp/shop/contents/staff_list_detail.aspx?staff_id=124964
Ayako,ミカン下北店,丸顔,イエベ,寄り目,,"#コンタクト併用相談, #加工技術, #お仕事にも使える, #ヴィンテージ風, #女性におすすめ, #ユニセックスにおすすめ, #アニメ, #アート, #ゲーム","スタッフコメント
2025.12.14
ご覧いただきありがとうございます🕊️🤍

Zoff | TOSHIMITSU

“細いのに、ちゃんと印象に残る”。
知的さと色気をひそませた
あざと大人メタルフレーム𓂃◌𓈒𓐍

極細メタルの繊細ラインが、
目元にさりげない緊張感をプラスして
「落ち着いてるのに、なんか惹かれる」
そんな空気感をまとわせてくれる一本🤍

小さめサイズだから主張しすぎず、
でも視線が自然と目に集まる絶妙バランス。
ニット×黒ベストみたいなシンプルコーデでも
一気に“雰囲気美人”が完成します😌✨

⸻

顔型別おすすめ度

卵型　❤︎❤︎❤︎❤︎❤︎
繊細フレームがそのまま映える、完成度高めの仕上がり◎

丸顔　❤︎❤︎❤︎❤︎
細フレームで甘さを引き締め、大人っぽさをプラス。

面長　❤︎❤︎❤︎❤︎
小ぶりラウンドが縦ラインをやわらかく中和してくれる。

ベース型　❤︎❤︎❤︎
線の細さで骨感を抑え、洗練された印象に。

逆三角　❤︎❤︎❤︎❤︎
目元に視線が集まり、シャープさが程よく和らぐ◎

⸻

オススメ顔タイプᵕ̈

✨ 1位：ソフトエレガントさん
知的×女性らしさが噛み合って、透明感が爆上がり🤍

✨ 2位：クールフェミニンさん
大人っぽさに色気をひとさじ。強くなりすぎないのが◎

✨ 3位：フレッシュさん
細フレームで一気に垢抜け。きれいめ寄せしたい日におすすめ。

⸻

👓 スタイリング提案

● マスタードニット × 黒小物
・チークは低め＆淡く
・リップは粘膜カラー
→ “知的あざと”な秋冬ムード完成🤍

● モノトーンコーデの日
・髪はストレート or ゆる巻き
・アクセはシルバー控えめ
→ メガネ主役で大人の余裕感が出る✨
Ayako
卵顔イエベ
寄り目
ミカン下北店
#女性におすすめ
#ユニセックスにおすすめ
#お仕事にも使える
#ヴィンテージ風
#モード
#スタイリッシュ
#QOLメガネ
#メガネ
#卵顔におすすめ
#ナイロール
#メタル",Ayako.jpeg,https://www.zoff.co.jp/shop/contents/staff_gallery_detail.aspx?cid=56592076
takoyama,イオンモールむさし村山店,,イエベ,寄り目,,"#加工技術, #コンタクト併用相談, #モード, #すぐに使えるサングラス, #男性におすすめ, #サングラス, #美容, #アニメ, #スニーカー, #犬好き","スタッフコメント
2025.12.09
ボスリントン型サングラス
人気動画クリエイター“東海オンエア”としみつとのコラボサングラス🕶
高級感のある加工に加え、ツーブリッチデザインは更なるオシャレを演出します
takoyama
卵顔イエベ
寄り目
イオンモールむさし村山店
#男性におすすめ
#モード
#すぐに使えるサングラス
#サングラス
#メタル",takoyama.jpeg,https://www.zoff.co.jp/shop/contents/staff_gallery_detail.aspx?cid=56423710
akina,湘南モールフィル店,丸顔,イエベ,普通(PD60),ミディアム,"#修理マイスター, #フレーム選定, #お仕事にも使える, #イエベ向け, #女性におすすめ, #ユニセックスにおすすめ, #キャンプ, #映画鑑賞, #ショッピング, #筋トレ","スタッフコメント
2025.12.13
ご覧いただきありがとうございます(*˘ ˘*)
⁡
＊ 顔型：丸顔
＊ 顔タイプ：フレッシュ
＊ 髪型：ミディアム
＊ 目の距離感：普通(PD60)
＊ パーソナルカラー：イエベ
⁡
⇧ 着用本人の特徴になります！
ご参考になれば幸いです🪽🫧


長時間の使用でも疲れにくい軽さと
掛け心地がしやなかで壊れにくい
大人気のZoff SMART👓✨

新機能としてスライド可能な
シリコン鼻パッドを搭載しております☝🏼
(万が一破損した場合も交換可能。)
クラシカルなウエリントンフレームは
男女問わず使いやすいデザインです🥰🫶🏼
akina
丸顔イエベ
普通
湘南モールフィル店
#女性におすすめ
#ユニセックスにおすすめ
#初心者におすすめ
#上級者におすすめ
#お仕事にも使える
#おうち用におすすめ
#イエベ向け
#ブルベ向け
#モード
#カジュアル
#キレイめ
#スタイリッシュ
#QOLメガネ
#メガネ
#ブラウン
#Zoff smart
#プラスチック
#ドライブにおすすめ
#だてメガネにおすすめ",akina.jpeg,https://www.zoff.co.jp/shop/contents/staff_gallery_detail.aspx?cid=56586440
Ari,本社,面長,ブルベ,寄り目,,"#お子様メガネ, #加工技術, #イエベ秋, #アメリカン, #おうち時間, #運転, #筋トレ, #猫好き, #ディズニー","出身地📍北海道札幌市

勤務地📍東京都表参道



◼︎Zoffの経歴

北は北海道から南は大分まで

接客業を4年経験し

現在は本社でマーケティングを担当しています🐰🩷



◼︎モットー

「1人でも多くのお客様に笑顔を届ける」ことを大切に毎日過ごしています🌈



◼︎私ってこんなヒト!!

キャラクターものが大好き😘💕

愛と熱意を持って語ります✨



◼︎骨格の特徴

・身長が低めのぽっちゃり体型です🧸

(食べることが大好きなのでご愛嬌として受け取ってください🤭)

・顔型は面長さん

・PDは56mmなので大きめのフレームをかけると寄り目に見えがちです😱

→同じ悩みがある方はぜひ参考にしてください♬



◼︎ファッション特徴

・オフィスコーデ＆休日コーデ

・メイクは絶賛お勉強中です🫶",Ari.jpeg,https://www.zoff.co.jp/shop/contents/staff_list_detail.aspx?staff_id=124944
akina,湘南モールフィル店,丸顔,イエベ,普通,,"#強度近視相談, #コンタクト併用相談, #カジュアル, #フレンチ, #学習用, #ギフト, #映画鑑賞, #アート, #読書, #K-POP","⁡

⁡

👓 𝖹𝗈𝖿𝖿 𝗌𝗍𝖺𝖿𝖿 𝗂𝗇𝖿𝗅𝗎𝖾𝗇𝖼𝖾𝗋 ⟡ ݁.

⌇𝟣𝟨𝟢𝖼𝗆⌇丸顔⌇ｲｴﾍﾞ⌇𝖯𝖣𝟨𝟢

⌇ 𝟦歳と𝟥歳 の𝟤児のママ

⁡

メガネのことお任せ下さい🫶🏼˒˒

⁡

副店長経験も過去にあり自身の知識や

経験を生かし皆様の𝗟𝗶𝗳𝗲 𝘀𝘁𝘆𝗹𝗲に

寄り添いお力になれればと思います🤝🏼❤️‍🔥

⁡

普段メガネは運転の時や映画鑑賞、その日の

ファッションや気分に合わせて掛けてます👓✨

自分に似合うメガネを

一緒に見つけていきましょう🥰✊🏼

お店でも是非お待ちしております- ̗̀( ˶'ᵕ'˶) ̖́-



⁡

𓊆ྀི 趣味・好きなこと 𓊇ྀི

スタバ、ガチャガチャをする

映画やドラマ観賞、INI、推し活

ライブ、おひとり様岩盤浴やお風呂",akina.jpeg,https://www.zoff.co.jp/shop/contents/staff_list_detail.aspx?staff_id=125061
MD,ルミネ立川店,,ブルベ,寄り目,,"#強度近視相談, #レンズ知識, #クラシック, #韓国ファッション, #おうち用におすすめ, #日常使いにおすすめ, #読書, #旅行, #猫好き, #美容","スタッフコメント
2025.11.13
テンプルがチタン素材の新作フレームです。
色味は透け感のあるブラウンのグラデーションで、とても軽いです🌟
MD
卵顔ブルベ
寄り目
ルミネ立川店
#おうち用におすすめ
#日常使いにおすすめ",MD.jpeg,https://www.zoff.co.jp/shop/contents/staff_gallery_detail.aspx?cid=55425548
いぐろ,下北沢店,面長,イエベ,普通,,"#レンズ知識, #修理マイスター, #クリアフレーム, #カジュアル, #ユニセックスにおすすめ, #初心者におすすめ, #スニーカー, #旅行, #古着, #アート","スタッフコメント
2025.12.12
エッジを効かせたボストン型、サイズ感や厚みのバランスが良く合わせやすい。
側面のメタルパーツでさりげなく個性を主張できる。
軽量素材で掛け心地も抜群、ダテメガネやカラーレンズでカスタムにもおすすめ。
いぐろ
面長顔イエベ
普通
下北沢店
#ユニセックスにおすすめ
#初心者におすすめ
#クリアフレーム
#カジュアル",いぐろ.jpeg,https://www.zoff.co.jp/shop/contents/staff_gallery_detail.aspx?cid=56555531
ぐっち,東京ドームシティ・ラクーア店,丸顔,イエベ,寄り目,,"#お子様メガネ, #遠近両用, #ヴィンテージ風, #メガネ, #男性におすすめ, #女性におすすめ, #キャンプ, #ゲーム, #音楽鑑賞, #ディズニー","スタッフコメント
2025.12.12
柔軟性に優れたフレーム設計により、長時間快適な装着感です！
細さと軽さを追求したSkinnyデザインは、顔なじみも良く、誰にでも馴染むユニセックスなスタイル。

グリーン×ブラウンの上品なカラーリングは、カジュアルからビッグシェイプまで多彩なコーデに映えるアクセントになります。
メタルパーツが顔回りを明るく見せ、自然な印象を引き立てます。
ぐっち
丸顔イエベ
寄り目
東京ドームシティ・ラクーア店
#男性におすすめ
#女性におすすめ
#ユニセックスにおすすめ
#ヴィンテージ風
#メガネ
#Zoff smart",ぐっち.jpeg,https://www.zoff.co.jp/shop/contents/staff_gallery_detail.aspx?cid=56558733
こま,イオンモール木曽川店,丸顔,イエベ,普通,,"#カラーレンズ知識, #認定眼鏡士, #クラシック, #ブルベ夏, #PC作業, #アウトドア, #猫好き, #スニーカー, #犬好き, #料理","スタッフコメント
2025.10.18
クラシックでレトロなスタイルを特徴とするこちらのフレームはコーデの邪魔をせず、柔らかい印象にしてくれます🍀
こま
丸顔イエベ
普通
イオンモール木曽川店",こま.jpeg,https://www.zoff.co.jp/shop/contents/staff_gallery_detail.aspx?cid=54418884
Sara,ミカン下北店,丸顔,ブルベ,寄り目,,"#お子様メガネ, #調整技術, #三角顔, #カジュアル, #お仕事用, #PC作業, #音楽鑑賞, #猫好き, #アート","⭐︎広島出身
⭐︎販売歴4年目
⭐︎INFP
⭐︎0型

メガネはメタルフレームが好きです、
趣味は音楽を聴きながら散歩です、
音楽はhiphop、邦ロック、アイドル、kpopなどが好きです、
服はイロイロな系統を着ます、
好きな色はピンクです、",Sara.jpeg,https://www.zoff.co.jp/shop/contents/staff_list_detail.aspx?staff_id=124928
takoyama,イオンモールむさし村山店,,イエベ,寄り目,,"#コンタクト併用相談, #レンズ知識, #お仕事にも使える, #カジュアル, #男性におすすめ, #女性におすすめ, #音楽鑑賞, #猫好き, #スニーカー","スタッフコメント
2025.12.09
ウェリントン型コンビネーションフレーム
表面は◼️×◻️のグラデーションカラーで遊び心を出しつつウェリントン型で少し真面目な印象も演出👓
チタン素材のものなので掛けやすさもピカイチ✨️
takoyama
卵顔イエベ
寄り目
イオンモールむさし村山店
#男性におすすめ
#女性におすすめ
#ユニセックスにおすすめ
#初心者におすすめ
#お仕事にも使える
#カジュアル
#メガネ
#コンビネーション
#チタン",takoyama.jpeg,https://www.zoff.co.jp/shop/contents/staff_gallery_detail.aspx?cid=56422590
ひー,ゆめタウン高松店,ベース型,イエベ,タレ目,,"#フレーム選定, #加工技術, #お仕事にも使える, #カジュアル, #男性におすすめ, #女性におすすめ, #K-POP, #猫好き, #音楽鑑賞, #ゲーム","スタッフコメント
2025.11.24
◽︎顔型 : ベース型丸顔
◽︎顔幅 : やや広め
◽︎瞳 : ややはなれ目/タレ目
◽︎パーソナルカラー : イエベ
◽︎コンプレックス : 頬骨張り、立派な鼻



〖おすすめポイント〗
● 小振りなサイズ感
小さめの玉型なので、カジュアル感が抑えめで知的に見えます。
お顔の小さな方や、強度数の方にもおすすめ！
私がかけると、ややキツめかな…くらいの幅感でした。

● 細めのフレームで、すっきり見え
細めのフチとボストン型なので、重い印象にならず上品にまとまります。
丸すぎない形で、自然に可愛さと親しみやすさが出ます。

● クラシック感があって大人っぽい
金属パーツのアクセントがあり、落ち着いた雰囲気の中に少しおしゃれさがプラスされます。

〖カラー〗
深めのブラウンで、落ち着いた雰囲気です。
柄のニュアンスがあり、“シンプルなのにおしゃれ”に見えます。
お仕事にも使いやすいカラーです◎

ひー
ベース顔イエベ
離れ目
ゆめタウン高松店
#男性におすすめ
#女性におすすめ
#ユニセックスにおすすめ
#お仕事にも使える
#カジュアル
#スタイリッシュ
#メガネ
#ブラウン
#プラスチック
#強度数におすすめ",ひー.jpeg,https://www.zoff.co.jp/shop/contents/staff_gallery_detail.aspx?cid=55842227
hikaru,サクラマチクマモト店,,ブルベ,普通,,"#フィッティング, #お子様メガネ, #お仕事にも使える, #ビックシェイプ, #ユニセックスにおすすめ, #初心者におすすめ, #ゲーム, #旅行, #美容, #サウナ","スタッフコメント
2025.12.09
プラスチックとコンビネーションフレームの絶妙なバランスが、軽やかで快適な掛け心地を実現！

シンプルながらも存在感のあるデザインは、あなたの個性を引き立て、定番アイテムとして長く愛用できます😊
是非お試しください！！
hikaru
卵顔ブルベ
普通
サクラマチクマモト店
#ユニセックスにおすすめ
#初心者におすすめ
#お仕事にも使える
#おうち用におすすめ
#ビックシェイプ
#モード
#カジュアル
#キレイめ
#メガネ
#プラスチック
#コンビネーション",hikaru.jpeg,https://www.zoff.co.jp/shop/contents/staff_gallery_detail.aspx?cid=56437459
イト,イオンモール各務原インター店,,イエベ,普通,,"#遠近両用, #強度近視相談, #ヴィンテージ, #ビジネス, #ギフト, #アウトドア, #音楽鑑賞, #映画鑑賞, #サウナ","zoff shop staffのイトです🦭💨

いろんなメガネを投稿していきます〜❕



太めフレームが得意です🤩

服装はカジュアルめ✳️

是非、参考にしてみて下さい･:*+",イト.jpeg,https://www.zoff.co.jp/shop/contents/staff_list_detail.aspx?staff_id=124970
takoyama,イオンモールむさし村山店,,イエベ,寄り目,,"#フレーム選定, #カラーレンズ知識, #ストリート, #フレンチ, #お仕事用, #おうち時間, #映画鑑賞, #アニメ, #アート","埼玉県出身/趣味:カラオケ 映画鑑賞 アニメ鑑賞

親しみやすい接客を特に意識しています！",takoyama.jpeg,https://www.zoff.co.jp/shop/contents/staff_list_detail.aspx?staff_id=128788
こま,イオンモール木曽川店,丸顔,イエベ,普通,,"#フィッティング, #調整技術, #イエベ向け, #べっこう柄, #ユニセックスにおすすめ, #スポーツ, #映画鑑賞, #古着, #スニーカー, #ショッピング","スタッフコメント
2025.11.29
Zoff | TOSHIMITSU

黄身のあるデミ柄が顔周りを華やかにしてくれます🌼
セル巻き仕様で高級感も、こなれ感も兼ね備えていておすすめです🎶
こま
丸顔イエベ
普通
イオンモール木曽川店
#ユニセックスにおすすめ
#イエベ向け
#べっこう柄
#ゴールド
#メガネ
#コンビネーション",こま.jpeg,https://www.zoff.co.jp/shop/contents/staff_gallery_detail.aspx?cid=56038242
みすず,ディアモール大阪店,,イエベ,普通,,"#フレーム選定, #お子様メガネ, #カジュアル, #キレイめ, #ユニセックスにおすすめ, #デート, #ディズニー, #読書, #筋トレ","スタッフコメント
2025.12.11
耳が痛くなりにくく、ずれにくいラバーテンプルシリーズの中でも普段使いしやすいフレームです🌿

ネイビーカラーが落ち着いた印象を魅せてくれます🌲
みすず
卵顔イエベ
普通
ディアモール大阪店
#ユニセックスにおすすめ
#カジュアル
#キレイめ
#ラバテン
#メガネ
#コンビネーション",みすず.jpeg,https://www.zoff.co.jp/shop/contents/staff_gallery_detail.aspx?cid=56485761
夏,イオンモール橿原店,丸顔,イエベ,普通,,"#調整技術, #お子様メガネ, #お仕事にも使える, #イエベ向け, #ユニセックスにおすすめ, #初心者におすすめ, #旅行, #犬好き, #美容, #カフェ巡り","スタッフコメント
2025.12.11
【軽量素材を使用したコンビネーションフレームのウェリントン型メガネ】

軽やかで付け心地抜群のチタンとプラスチックのコンビネーションフレーム👓
ブラウンのグラデーションフレームで馴染みやすさ抜群✨ユニセックスにおすすめで、初心者の方でもコーデに取り入れやすいです！

長時間快適に着用でき、ファッション性と機能性を兼ねているので、お仕事や普段使いに最適👔

夏
丸顔イエベ
普通
イオンモール橿原店
#ユニセックスにおすすめ
#初心者におすすめ
#お仕事にも使える
#イエベ向け
#黒縁
#キレイめ
#QOLメガネ
#メガネ
#コンビネーション
#チタン",夏.jpeg,https://www.zoff.co.jp/shop/contents/staff_gallery_detail.aspx?cid=56514570
uka,イオンモール橿原店,丸顔,イエベ,普通,,"#レンズ知識, #コンタクト併用相談, #黒縁, #太縁, #だてメガネにおすすめ, #アウトドア, #筋トレ, #音楽鑑賞, #写真, #旅行","スタッフコメント
2025.11.22
しっかりめの太縁フレームで、目元をくっきり見せてくれる存在感メガネ🖤

丸みがあるデザインなのでやわらかさもプラスしてくれ、キツくなりすぎずかけやすいです✨

太縁ですが軽量素材なので、長時間でもかけていただけやすいです🪽
uka
丸顔イエベ
普通
イオンモール橿原店
#黒縁
#太縁
#カジュアル
#QOLメガネ
#メガネ
#だてメガネにおすすめ",uka.jpeg,https://www.zoff.co.jp/shop/contents/staff_gallery_detail.aspx?cid=55803631
Sara,ミカン下北店,丸顔,ブルベ,寄り目,,"#レンズ知識, #認定眼鏡士, #太縁, #べっこう柄, #ユニセックスにおすすめ, #初心者におすすめ, #ディズニー, #映画鑑賞, #K-POP","スタッフコメント
2025.11.19
おすすめポイント

⭐︎秋冬にも使いやすいライトカラーのレンズ

⭐︎ピンクのレンズで、血色感アップ

⭐︎太めのフレームで、デカ目効果抜群✨

⭐︎肌馴染みが良いべっこう柄
Sara
丸顔ブルベ
寄り目
ミカン下北店
#ユニセックスにおすすめ
#初心者におすすめ
#上級者におすすめ
#アウトドアにおすすめ
#太縁
#べっこう柄
#モード
#すぐに使えるサングラス
#秋冬におすすめサングラス
#サングラス
#春コーデにおすすめ
#夏コーデにおすすめ
#秋コーデにおすすめ
#冬コーデにおすすめ
#プラスチック",Sara.jpeg,https://www.zoff.co.jp/shop/contents/staff_gallery_detail.aspx?cid=55655826
片田翔悟,イオンモール大高店,面長,ブルベ,普通,,"#フィッティング, #修理マイスター, #フレンチ, #面長, #学習用, #デート, #ショッピング, #スニーカー, #映画鑑賞",,片田翔悟.jpeg,https://www.zoff.co.jp/shop/contents/staff_list_detail.aspx?staff_id=124960
hikaru,サクラマチクマモト店,,ブルベ,普通,,"#修理マイスター, #遠近両用, #お仕事にも使える, #黒縁, #ユニセックスにおすすめ, #初心者におすすめ, #サウナ, #音楽鑑賞, #アート, #筋トレ","スタッフコメント
2025.12.04
黒縁のウェリントン型でモードからカジュアルまで多彩なコーディネートに映えるデザインが魅力です！

軽やかさと耐久性を兼ね備え、初心者からおしゃれを楽しむ方まで幅広くおすすめです！
是非お試しください☺️
hikaru
卵顔ブルベ
普通
サクラマチクマモト店
#ユニセックスにおすすめ
#初心者におすすめ
#お仕事にも使える
#おうち用におすすめ
#黒縁
#モード
#カジュアル
#キレイめ
#メガネ
#プラスチック",hikaru.jpeg,https://www.zoff.co.jp/shop/contents/staff_gallery_detail.aspx?cid=56248535
Ayako,ミカン下北店,,イエベ,寄り目,,"#コンタクト併用相談, #カラーレンズ知識, #トレンド, #丸顔, #読書, #おうち時間, #サウナ, #猫好き, #料理","販売歴1年目🌸

イエベ春/卵顔/求心顔PD57



歴が浅い分お客様と同じ視点で

オススメフレームご紹介しています𓈒𓏸



綺麗め上品なメタルフレームや

中顔面短縮見えのビッグシェイプ

が好みです𓍯𓈒𓏸



ミカン下北店でお待ちしてます౨ৎ ݁˖ . ݁",Ayako.jpeg,https://www.zoff.co.jp/shop/contents/staff_list_detail.aspx?staff_id=128778
ぐっち,東京ドームシティ・ラクーア店,丸顔,イエベ,寄り目,,"#修理マイスター, #カラーレンズ知識, #イエベ向け, #ヴィンテージ風, #男性におすすめ, #女性におすすめ, #アニメ, #ゲーム, #筋トレ","スタッフコメント
2025.12.12
東海オンエアとしみつさんとの初コラボフレームです✨
ウェリントンフレームは、アメリカンヴィンテージの雰囲気とカジュアルなスタイルを融合させたユニセックスデザインが魅力です！
ぐっち
丸顔イエベ
寄り目
東京ドームシティ・ラクーア店
#男性におすすめ
#女性におすすめ
#ユニセックスにおすすめ
#イエベ向け
#ヴィンテージ風
#カジュアル
#メガネ",ぐっち.jpeg,https://www.zoff.co.jp/shop/contents/staff_gallery_detail.aspx?cid=56559264
こーき,松本アイシティ21店,面長,イエベ,普通,,"#レンズ知識, #フィッティング, #黒縁, #太縁, #男性におすすめ, #女性におすすめ, #キャンプ, #犬好き, #写真, #美容","スタッフコメント
2025.11.17
【太縁で存在感を楽しむオシャレメガネ】

男女問わず使いやすい太縁フレーム。
シンプルながらボリューム感があり、かけるだけでスタイリングのアクセントになります。

街歩きなどのカジュアルなシーンでもしっかり映えてくれるデザイン。
伊達メガネとしても取り入れやすく、普段のファッションに自然と馴染みます。

さらに、太縁のため“レンズの厚みが目立ちにくい”メリットもあり、強度数の方にもおすすめ。
実用性とデザイン性のどちらも叶える一本です。

気軽におしゃれを楽しみたい方にぜひ✨
こーき
面長顔イエベ
普通
松本アイシティ21店
#男性におすすめ
#女性におすすめ
#ユニセックスにおすすめ
#初心者におすすめ
#アウトドアにおすすめ
#黒縁
#太縁
#カジュアル
#丸顔におすすめ
#面長顔におすすめ
#日常使いにおすすめ
#強度数におすすめ",こーき.jpeg,https://www.zoff.co.jp/shop/contents/staff_gallery_detail.aspx?cid=55611134
kitsune,ルミネ有楽町店,,イエベ,離れ目,,"#加工技術, #カラーレンズ知識, #フレンチ, #トレンド, #学習用, #スポーツ, #写真, #アニメ, #スニーカー","Hyogo⇨Tokyo

158cm

イエベ春

INFP

Zoff歴3年目です👀",kitsune.jpeg,https://www.zoff.co.jp/shop/contents/staff_list_detail.aspx?staff_id=128776
いぐろ,下北沢店,面長,イエベ,普通,,"#レンズ知識, #お子様メガネ, #お仕事にも使える, #カジュアル, #ユニセックスにおすすめ, #初心者におすすめ, #料理, #ゲーム, #映画鑑賞","スタッフコメント
2025.12.12
SNSで話題！中顔面短縮みえメガネ！

顔なじみの良さと快適な掛け心地を実現したボストン型。
大きめサイズのフレームは、抜け感が出る上に小顔効果も期待できます。
いぐろ
面長顔イエベ
普通
下北沢店
#ユニセックスにおすすめ
#初心者におすすめ
#お仕事にも使える
#カジュアル",いぐろ.jpeg,https://www.zoff.co.jp/shop/contents/staff_gallery_detail.aspx?cid=56555675
イト,イオンモール各務原インター店,,イエベ,普通,,"#遠近両用, #調整技術, #お仕事にも使える, #イエベ向け, #男性におすすめ, #女性におすすめ, #キャンプ, #犬好き, #アート","スタッフコメント
2025.12.12
顔馴染みの良いグレーフレームです❤️‍🔥
イエベさんにはもってこいのカラーです！

軽量素材で長時間掛けていてもストレスがないです☺️👏

眼鏡初心者🔰の方でも試しやすいサイズ感、色味となっております^ - ^

是非、試してみて下さい🦭💨

イト
卵顔イエベ
普通
イオンモール各務原インター店
#男性におすすめ
#女性におすすめ
#ユニセックスにおすすめ
#初心者におすすめ
#お仕事にも使える
#おうち用におすすめ
#イエベ向け
#カジュアル
#中顔面短縮みえ
#メガネ
#卵顔におすすめ
#プラスチック",イト.jpeg,https://www.zoff.co.jp/shop/contents/staff_gallery_detail.aspx?cid=56541156
にょろ,本社,丸顔,イエベ,普通,,"#お子様メガネ, #遠近両用, #お仕事にも使える, #キレイめ, #女性におすすめ, #初心者におすすめ, #読書, #音楽鑑賞, #猫好き, #キャンプ","スタッフコメント
2025.12.04
レザー風テンプルのデザインが
アクセントで、さりげないお洒落感を演出✨

キレイめな印象を与えてくれ、
オフィスから日常まで幅広いシーンで役立ちます。

派手そうに見える青も、
さりげない個性を演出しながら
かけると派手すぎず、上品さをキープ。
にょろ
丸顔イエベ
普通
本社
#女性におすすめ
#初心者におすすめ
#お仕事にも使える
#キレイめ
#スタイリッシュ
#ラバテン
#メガネ
#メタル",にょろ.jpeg,https://www.zoff.co.jp/shop/contents/staff_gallery_detail.aspx?cid=56254711
つなかん,大船ルミネウィング店,丸顔,イエベ,普通,,"#カラーレンズ知識, #コンタクト併用相談, #ミニマル, #韓国ファッション, #学習用, #花粉対策, #サウナ, #映画鑑賞, #写真","📍神奈川県出身｜販売歴6年目
👓 メガネ選びをもっと楽しく、ハッピーに✨
🔥 STAFF OF THE YEAR 2025 物販部門 第2位 🥈

📏 159cm
🎨 パーソナルカラー：イエベ春（2nd ブルベ冬）
💎 骨格タイプ：ストレート
💖 顔タイプ：キュート",つなかん.jpeg,https://www.zoff.co.jp/shop/contents/staff_list_detail.aspx?staff_id=124949
osae,ルミネエスト新宿店,面長,ブルベ,寄り目,,"#レンズ知識, #修理マイスター, #お仕事にも使える, #イエベ向け, #女性におすすめ, #ユニセックスにおすすめ, #美容, #アニメ, #写真","スタッフコメント
2025.12.07
テンプル部分がマットな質感になっているので、大人ぽく上品なデザインです。

お手持ちのシルバーやゴールドアクセサリーどちら合わせられる落ち着いたデザインなので、普段使いもしていただきやすいです✨
osae
面長顔ブルベ
寄り目
ルミネエスト新宿店
#女性におすすめ
#ユニセックスにおすすめ
#初心者におすすめ
#上級者におすすめ
#お仕事にも使える
#イエベ向け
#ブルベ向け
#キレイめ",osae.jpeg,https://www.zoff.co.jp/shop/contents/staff_gallery_detail.aspx?cid=56335548
みすず,ディアモール大阪店,,イエベ,普通,,"#遠近両用, #カラーレンズ知識, #韓国ファッション, #ブルベ夏, #おうち時間, #リモートワーク, #スニーカー, #映画鑑賞, #キャンプ",Zoffディアモール大阪店スタッフです！,みすず.jpeg,https://www.zoff.co.jp/shop/contents/staff_list_detail.aspx?staff_id=124980
ユーハ,ららぽーと名古屋みなとアクルス店,丸顔,イエベ,普通,,"#調整技術, #強度近視相談, #カジュアル, #メガネ, #初心者におすすめ, #運転, #カフェ巡り, #キャンプ, #映画鑑賞, #サウナ","スタッフコメント
2025.12.08
グラデーションカラーが映える、王道のウェリントンタイプのメガネ。

どんな顔立ちにも自然と馴染み、長く愛用できるデザインと機能性を兼ね備えています。

最初の一本にもオススメなフレームです。
ユーハ
丸顔イエベ
普通
ららぽーと名古屋みなとアクルス店
#初心者におすすめ
#カジュアル
#メガネ
#プラスチック",ユーハ.jpeg,https://www.zoff.co.jp/shop/contents/staff_gallery_detail.aspx?cid=56387690
uka,イオンモール橿原店,丸顔,イエベ,普通,,"#フィッティング, #レンズ知識, #黒縁, #カジュアル, #ユニセックスにおすすめ, #だてメガネにおすすめ, #K-POP, #犬好き, #スニーカー","スタッフコメント
2025.12.03
太めの黒縁フレームで存在感はありつつ、形がスッキリしていてどんなコーディネートにも馴染む万能メガネです✨

サイドのゴールドのワンポイントがさりげなくおしゃれ見えして、上品さもしっかりプラスしてくれます🎩

普段使いにも、ちょっとおしゃれしたい日にもぴったりな1本です！🪽
uka
丸顔イエベ
普通
イオンモール橿原店
#ユニセックスにおすすめ
#黒縁
#カジュアル
#QOLメガネ
#メガネ
#だてメガネにおすすめ",uka.jpeg,https://www.zoff.co.jp/shop/contents/staff_gallery_detail.aspx?cid=56210680
こーき,松本アイシティ21店,面長,イエベ,普通,,"#フィッティング, #加工技術, #お仕事にも使える, #黒縁, #男性におすすめ, #初心者におすすめ, #スニーカー, #猫好き, #キャンプ","スタッフコメント
2025.12.05
【上質さと快適さを両立したメガネ】

テンプル（ツル）にはラバー素材を採用し、滑りにくく快適なかけ心地を実現。
長時間の着用でも安定してフィットしてくれるラバーテンプル仕様です！

さらに、フレームはレザーのような質感と模様が特徴。
上品さの中に個性をしっかりと感じられる、高級感あふれるデザインに仕上がっています。

ビジネスシーンでも自然になじみ、清潔感や大人の落ち着きを演出。
メガネ初心者の方でも取り入れやすく、日常でも使いやすい万能な一本です。
こーき
面長顔イエベ
普通
松本アイシティ21店
#男性におすすめ
#初心者におすすめ
#お仕事にも使える
#黒縁
#キレイめ
#スタイリッシュ
#ラバテン
#メガネ
#プラスチック",こーき.jpeg,https://www.zoff.co.jp/shop/contents/staff_gallery_detail.aspx?cid=56260639
rico,心斎橋パルコ店,丸顔,イエベ,普通,,"#フィッティング, #認定眼鏡士, #お仕事にも使える, #ビックシェイプ, #ユニセックスにおすすめ, #おうち用におすすめ, #キャンプ, #ゲーム, #カフェ巡り, #ディズニー","スタッフコメント
2025.11.15
大きめのウェリントン型シルバーフレームです!

チタンフレームなので軽くてかけ心地が良いのが特徴です!!
錆びにくく長持ちするのでとてもおすすめです
普段使いにも向いているウェリントン型フレームです:)

フレームの重さによるストレスを感じにくいのでお仕事や学校での使用はもちろん、ご自宅で快適に過ごしていただくためのおうちメガネとしてもおすすめです
これからの季節のファッションに取り入れやすいデザインなのでおでかけメガネとしても最適ですね♪

ぜひ店頭でお試しください☆彡

顔：丸顔　やや狭め幅
目：普通幅　たれ目
鼻：低め
肌：イエベ(自己診断)
rico
丸顔イエベ
普通
心斎橋パルコ店
#ユニセックスにおすすめ
#お仕事にも使える
#おうち用におすすめ
#ビックシェイプ
#シルバー
#カジュアル
#キレイめ
#メガネ
#チタン
#日常使いにおすすめ",rico.jpeg,https://www.zoff.co.jp/shop/contents/staff_gallery_detail.aspx?cid=55512868
こーき,松本アイシティ21店,面長,イエベ,普通,,"#遠近両用, #フレーム選定, #お仕事にも使える, #シルバー, #男性におすすめ, #面長顔におすすめ, #ディズニー, #映画鑑賞, #古着, #スニーカー","スタッフコメント
2025.11.14
【高級感溢れるシルバーのチタンフレーム】

シンプルながらも高級感を感じさせる上品なフレーム。軽量金属チタンを採用することで、ファッション性・掛け心地・耐久性の全てを兼ね備えた万能フレームに仕上がっています。

性別を問わず使いやすいシンプルなシルエットで、ビジネスシーンから普段使いまで幅広く活躍するオシャレメガネです👓
こーき
面長顔イエベ
普通
松本アイシティ21店
#男性におすすめ
#お仕事にも使える
#シルバー
#キレイめ
#スタイリッシュ
#メガネ
#面長顔におすすめ
#ベース顔におすすめ
#チタン
#日常使いにおすすめ",こーき.jpeg,https://www.zoff.co.jp/shop/contents/staff_gallery_detail.aspx?cid=55470644
taku,府中フォーリス店,丸顔,ブルベ,普通,,"#レンズ知識, #遠近両用, #お仕事にも使える, #イエベ向け, #ユニセックスにおすすめ, #初心者におすすめ, #映画鑑賞, #ディズニー, #筋トレ","スタッフコメント
2025.11.30
Zoff | TOSHIMITSU

【#05】
昔のアメリカ映画に出てくるようなツーブリッジタイプのサングラス。
彫金も盛り沢山で「格好良い」が詰まったデザイン。

かけてみるとほどよく抜け感があるデザインなので
一気に垢抜けた印象に

きれい目なファッションでも、カジュアルでも使いやすいのでおすすめです！

レンズは程よく薄めカラーで視界良好
是非お使いくださいね

taku
丸顔ブルベ
普通
府中フォーリス店
#ユニセックスにおすすめ
#初心者におすすめ
#上級者におすすめ
#お仕事にも使える
#イエベ向け
#ブルベ向け
#カジュアル
#キレイめ
#スタイリッシュ
#すぐに使えるサングラス
#サングラス
#メタル",taku.jpeg,https://www.zoff.co.jp/shop/contents/staff_gallery_detail.aspx?cid=56087319
タカハシ,ゆめタウン丸亀店,丸顔,イエベ,普通,,"#遠近両用, #レンズ知識, #お仕事にも使える, #ブルベ向け, #女性におすすめ, #おうち用におすすめ, #旅行, #読書, #ショッピング","スタッフコメント
2025.12.10
【デザイン】
レザー風のテンプルデザインがほどよい個性を添える、人気のコンビネーションフレーム🍬

細身で上品なオーバルシェイプは、オン・オフどちらのシーンでも自然になじみ、表情を優しく見せてくれます🩷

ラバー素材のテンプルによって「ズレにくい」仕様なのも嬉しいポイント。
遠近両用にも相性が良く、初めての手元用にもおすすめです！

⸻

【スタイリングポイント】

淡いピンクパープルのクリアカラーが肌の透明感を引き出してくれるため、
“柔らかいトーンの服” や “ニュアンスカラー” と特に相性抜群👚

① フェミニン×カジュアル

・白トップス × ベージュ系カーデ × デニム
・スカーフや軽めのストールで淡色を重ねる
→ クリアピンクが全体に抜け感と女性らしさをプラス。

② 大人ナチュラル

・リネンシャツ × ワイドパンツ
・淡いラベンダー、アイスブルー、ミントなど“くすみパステル”
→ メガネの色味が、ナチュラルコーデに上品なポイントを作る♪

③ オフィスのきれいめスタイル

・白ブラウス × グレースラックス
・控えめアクセと合わせて柔らかい印象に
→ フレームの細さが顔まわりの印象を整え、好感度の高い仕上がりに📓

⸻

【顔型別おすすめ度】

卵型　⭐️⭐️⭐️⭐️⭐️
どんな印象にも寄せられる万能シェイプ。

丸顔　⭐️⭐️⭐️⭐️
横に広がらない優しいオーバルが、顔にスッと馴染む。

逆三角　⭐️⭐️⭐️⭐️
細身デザインで上半分が軽く見え、バランスが取りやすい。

面長　⭐️⭐️⭐️⭐️
優しい丸みで縦の印象をやわらげる。

四角　⭐️⭐️⭐️⭐️
角を消して柔らかな雰囲気に見せてくれる。

⸻

【おすすめレンズカラー】
淡いトーンに合わせ、やさしい雰囲気が続くカラーが相性◎

・ASH BEIGE
・INDIGO NAVY20%
・レスターＳ
タカハシ
卵顔イエベ
普通
ゆめタウン丸亀店
#女性におすすめ
#お仕事にも使える
#おうち用におすすめ
#ブルベ向け
#クリアフレーム
#カジュアル
#キレイめ
#ラバテン
#メガネ
#春コーデにおすすめ
#フェミニン
#コンビネーション
#強度数におすすめ",タカハシ.jpeg,https://www.zoff.co.jp/shop/contents/staff_gallery_detail.aspx?cid=56451691
hikaru,サクラマチクマモト店,,ブルベ,普通,,"#お子様メガネ, #視力測定, #レトロ, #韓国ファッション, #おうち時間, #サングラス, #犬好き, #音楽鑑賞, #サウナ, #ショッピング",サクラマチクマモト店に勤務しております。皆様のメガネ選びに貢献できれば嬉しいです☺️,hikaru.jpeg,https://www.zoff.co.jp/shop/contents/staff_list_detail.aspx?staff_id=124942
ひー,ゆめタウン高松店,ベース型,イエベ,タレ目,,"#レンズ知識, #加工技術, #お仕事にも使える, #カジュアル, #女性におすすめ, #ユニセックスにおすすめ, #筋トレ, #サウナ, #ディズニー, #キャンプ","スタッフコメント
2025.12.11
◽︎顔型 : ベース型丸顔
◽︎顔幅 : やや広め
◽︎瞳 : ややはなれ目/タレ目
◽︎パーソナルカラー : イエベ
◽︎コンプレックス : 頬骨張り、立派な鼻



〖おすすめポイント〗
⚫︎おしゃれなスヌーピーのシルエット
スヌーピーたちのシルエットやラインアートが印象的。
大人っぽくさりげなく、スヌーピーを日常に取り入れることができます。
︎
⚫︎跳ね上げ機能で実用的
読書や手元作業のときに、レンズを上げて使える便利さが魅力。

⚫︎優しく落ち着いた雰囲気
やわらかい印象のオーバルシェイプが、お顔の輪郭を優しく見せてくれます。

〖カラー〗
フロントは肌なじみ良いブラウン。マット仕上げが柔らかく品のあるカラーです。
サイドのニュアンスカラーがふわっと優しげで、ほんのり個性的な印象に。
ナチュラル系、シンプル服にも合わせやすい万能カラーです。
ひー
ベース顔イエベ
離れ目
ゆめタウン高松店
#女性におすすめ
#ユニセックスにおすすめ
#お仕事にも使える
#カジュアル
#メガネ
#ブラウン
#フェミニン
#跳ね上げ式メガネ
#コンビネーション",ひー.jpeg,https://www.zoff.co.jp/shop/contents/staff_gallery_detail.aspx?cid=56499136
ごめ,イオンモール東浦店,面長,イエベ,タレ目,,"#レンズ知識, #認定眼鏡士, #カジュアル, #メガネ, #女性におすすめ, #おうち用におすすめ, #美容, #旅行, #読書","スタッフコメント
2025.12.12
[顔型]面長
[瞳孔距離(目と目の距離)]62
[目の形]タレ目

⚪︎強度数さんオススメ度⚪︎ 90%
⚪︎カラーレンズオススメ度⚪︎85%
⚪︎かけ心地らくらく度⚪︎85%

シンプルで小ぶりなボストンフレーム。

レンズサイズが小さめなので
学生さんや小顔さんにオススメです。

ブラウンのグラデーションカラーが
肌に溶け込み顔馴染み◎
メガネ初心者さんでもコーディネートが
組みやすく、おすすめです！

フチも太さは控えめのため
メガネが目立ちすぎず、チャレンジしやすいです。

ぜひお試しください！
ごめ
面長顔イエベ
普通
イオンモール東浦店
#女性におすすめ
#おうち用におすすめ
#カジュアル
#メガネ
#ブラウン
#プラスチック
#日常使いにおすすめ
#強度数におすすめ",ごめ.jpeg,https://www.zoff.co.jp/shop/contents/staff_gallery_detail.aspx?cid=56524571
akina,湘南モールフィル店,丸顔,イエベ,普通(PD60),ミディアム,"#フレーム選定, #視力測定, #お仕事にも使える, #イエベ向け, #ユニセックスにおすすめ, #初心者におすすめ, #アニメ, #ショッピング, #カフェ巡り, #料理","スタッフコメント
2025.12.14
ご覧いただきありがとうございます(*˘ ˘*)
⁡
＊ 顔型：丸顔
＊ 顔タイプ：フレッシュ
＊ 髪型：ミディアム
＊ 目の距離感：普通(PD60)
＊ パーソナルカラー：イエベ
⁡
⇧ 着用本人の特徴になります！
ご参考になれば幸いです🪽🫧


丸過ぎず程よく角ばった玉型や
小振りなサイズ感がクラシカルで
すっきりとシャープな印象に🥰✨

カジュアルからキレイめなコーデに
合わせるのもおすすめです🫶🏼
akina
丸顔イエベ
普通
湘南モールフィル店
#ユニセックスにおすすめ
#初心者におすすめ
#上級者におすすめ
#お仕事にも使える
#おうち用におすすめ
#イエベ向け
#ブルベ向け
#カジュアル
#キレイめ
#メガネ
#ブラウン
#プラスチック
#日常使いにおすすめ",akina.jpeg,https://www.zoff.co.jp/shop/contents/staff_gallery_detail.aspx?cid=56592341
Ari,本社,面長,ブルベ,寄り目,,"#レンズ知識, #加工技術, #黒縁, #太縁, #ユニセックスにおすすめ, #上級者におすすめ, #読書, #ショッピング, #K-POP","スタッフコメント
2025.11.13
ヘリンボーンニットで魅せる、知的スタイル。ビッグフレームメガネで小顔見せコーデ

〜Ari's recommendation〜
ヘリンボーン柄のニットトップスに合わせた、ビッグシェイプのメガネが今日の主役！フレームが、冬の装いに程よい抜け感をプラスしてくれます。大きめフレームが顔周りをすっきり見せて、小顔感も◎知的な印象を与えながらも、こなれ感を演出できる、まさにトレンドど真ん中の1本です✨

〜Ari's point〜
◼面長顔さんとの相性
⭐⭐⭐⭐⭐（5/5）
横幅のあるビッグシェイプが顔の縦ラインをカバーし、バランス良く見せてくれます！

◼ひとみの距離が近めな方との相性
⭐⭐⭐⭐︎⭐︎4/5）
ワイドなフレームのため、瞳が近い方は度付きの際はレンズのグレードをあげることをおすすめします！

◼掛け心地
⭐⭐⭐⭐⭐（5/5）
軽量設計で長時間の着用も快適。ビッグサイズでも疲れにくいのが嬉しいポイントです！
Ari
面長顔ブルベ
寄り目
本社
#ユニセックスにおすすめ
#上級者におすすめ
#黒縁
#太縁
#ビックシェイプ
#モード
#カジュアル
#スポーティ
#スタイリッシュ
#ストリート
#メガネ
#面長顔におすすめ
#秋コーデにおすすめ
#冬コーデにおすすめ
#プラスチック
#だてメガネにおすすめ",Ari.jpeg,https://www.zoff.co.jp/shop/contents/staff_gallery_detail.aspx?cid=55436353
つなかん,大船ルミネウィング店,丸顔,イエベ,普通,,"#カラーレンズ知識, #フレーム選定, #ビックシェイプ, #カジュアル, #サングラス, #リモートワーク, #アート, #カフェ巡り, #K-POP, #スニーカー","スタッフコメント
2025.12.14
軽くて壊れにくいZoff SMART Skinnyは、ビックシェイプデザインとカジュアルな
スタイルが魅力のメガネです。
プラスチック素材を使用し、
快適な掛け心地と耐久性を両立。

日常のさまざまなシーンに自然に溶け込み、ファッションのアクセントとしても最適◎

軽さと丈夫さを兼ね備えたメガネは、
長時間の使用でも疲れにくく、普段使いからちょっとした外出まで幅広く対応します。
つなかん
丸顔イエベ
普通
大船ルミネウィング店
#ビックシェイプ
#カジュアル
#メガネ
#Zoff smart
#プラスチック",つなかん.jpeg,https://www.zoff.co.jp/shop/contents/staff_gallery_detail.aspx?cid=56596374
タカハシ,ゆめタウン丸亀店,丸顔,イエベ,普通,,"#レンズ知識, #遠近両用, #お仕事にも使える, #黒縁, #ユニセックスにおすすめ, #初心者におすすめ, #犬好き, #ショッピング, #美容","スタッフコメント
2025.12.12
丸過ぎず、ほんのり角を残したボストンシェイプと
小ぶりなサイズ感が、顔立ちをすっきり引き締めてくれます✨
二本目以降のメガネや、
「定番＋少し個性」を楽しみたい方にもおすすめ。


👗 スタイリング提案

① やさしい休日スタイル ☕️
ニットやスウェット、シャツなどのベーシックなトップスに合わせるだけで、
顔まわりがふんわりやわらぐ、リラックス感のある印象に。
ベージュ・アイボリー・ライトグレーなどの淡色コーデと好相性🤍

⸻

② ほんのりレディな、甘さ控えめコーデ 🌸
フレアスカートや柔らかな素材のワンピースと合わせると、
丸みのあるフレームが女性らしさをさりげなくプラス。
カジュアルすぎず、きちんと感もキープできるのが魅力✨

⸻

③ デニム×シャツの定番カジュアルにも 👖
シンプルなデニムスタイルにプラスするだけで、
メガネがほどよいアクセントになり、こなれた雰囲気に。
「頑張りすぎないおしゃれ」が完成します◎

⸻

④ おうち時間・ワークシーンにも 💻
主張しすぎないカラーと丸みのあるデザインで、
長時間かけても目元がきつく見えにくいのがポイント。
在宅ワークや読書タイムにもおすすめです📖


【顔型別おすすめ度】

（★＝似合う度）

・卵型　★★★★★
バランスの良い顔立ちに、フロントのほどよい存在感が自然にフィット。
きれいめにもカジュアルにも合わせやすい万能タイプ。

・丸顔　★★★★☆
フレームの直線が加わることで、甘さをほどよく抑えた印象に。
顔まわりがすっきり見え、大人っぽさをプラスできます。

・逆三角　★★★★★
眉ラインに程よくボリュームが出て、上顔の余白を自然にカバー。
シャープさとやわらかさのバランスが取りやすい形です。

・面長　★★★★☆
縦幅のあるシェイプが、顔の長さを目立たせにくく。
間延び感を抑えて、全体のバランスを整えてくれます。

・四角　★★★☆☆
直線が強めの輪郭に、ほどよい柔らかさをプラス。
かっちりしすぎず、落ち着いた印象に仕上がります。


【おすすめレンズカラー】
黒縁はどんなカラーとも相性抜群！
色の変化があるカラー調光レンズもおすすめです🫶🏻
タカハシ
卵顔イエベ
普通
ゆめタウン丸亀店
#ユニセックスにおすすめ
#初心者におすすめ
#お仕事にも使える
#おうち用におすすめ
#黒縁
#カジュアル
#キレイめ
#メガネ
#プラスチック
#日常使いにおすすめ",タカハシ.jpeg,https://www.zoff.co.jp/shop/contents/staff_gallery_detail.aspx?cid=56547556
rico,心斎橋パルコ店,丸顔,イエベ,普通,,"#カラーレンズ知識, #遠近両用, #シンプル, #ミニマル, #ドライブ, #リモートワーク, #アニメ, #ゲーム, #スニーカー","Osaka 01line 148cm☺︎

販売員2年目です\⭐︎/



裸眼視力0.01 瞳孔間距離60mm",rico.jpeg,https://www.zoff.co.jp/shop/contents/staff_list_detail.aspx?staff_id=125037
,,,,,,"#フレーム選定, #加工技術, #イエベ春, #レトロ, #読書, #お仕事用, #K-POP, #古着, #読書, #サウナ",,staff_51.jpeg,https://www.zoff.co.jp/shop/contents/staff_gallery_detail.aspx?cid=56387280
ごめ,イオンモール東浦店,面長,イエベ,普通,,"#視力測定, #レンズ知識, #クラシック, #四角顔, #デート, #PC作業, #古着, #カフェ巡り, #映画鑑賞","イオンモール東浦店　副店長



カラフルなものとTOY STORYと

古着が大好きな

アラサー眼鏡屋店員です💛🧡💚



ちょっぴり個性的メガネや

太縁メガネが好きです🙃




メガネの度数は-4.00♪
PDは62
顔型は面長です！



一緒にメガネ楽しみましょ〜",ごめ.jpeg,https://www.zoff.co.jp/shop/contents/staff_list_detail.aspx?staff_id=124947
夏,イオンモール橿原店,丸顔,イエベ,普通,,"#遠近両用, #お子様メガネ, #イエベ春, #四角顔, #アウトドア, #ドライブ, #犬好き, #映画鑑賞, #アート","「メガネの種類がたくさんあって選べない！｣

「今どんなメガネが流行ってるだろう？」

「どんなフレームが似合うんだろう？」



このようなメガネについてお悩みの方をお手伝いできたら幸いです☺️



イエベ春（セカンド秋）

顔タイプソフトエレガント です！",夏.jpeg,https://www.zoff.co.jp/shop/contents/staff_list_detail.aspx?staff_id=124979
Yuuka,ミカン下北店,,ブルベ,寄り目,,"#認定眼鏡士, #フィッティング, #イエベ秋, #ビジネス, #デート, #ギフト, #ショッピング, #古着, #犬好き, #ゲーム","Zoff shop staff の ユウカです！



販売歴7年目🤓

普段はコンタクト×だてメガネ



162cm / 1st ブルベ冬 / 2nd イエベ秋

たまごが大好きです🍮



▼Instagramにもメガネ、コーデや

日常アップしているのでぜひ参考にチェックしていただけたら嬉しいです👓🌼",Yuuka.jpeg,https://www.zoff.co.jp/shop/contents/staff_list_detail.aspx?staff_id=124982
Yuuka,ミカン下北店,,ブルベ,寄り目,,"#フィッティング, #お子様メガネ, #お仕事にも使える, #太縁, #ユニセックスにおすすめ, #お仕事用, #読書, #キャンプ, #犬好き, #K-POP","スタッフコメント
2025.12.04
【こんな方へおすすめ】
☑︎アメカジファッション好きさん
☑︎ボストンメガネ以外に挑戦したい方
☑︎メンズ服も好き

【特徴】
威厳を出すためにかけられていたブロー型フレーム。女性も伊達メガネとしてざっくりかけていただくのが、ハンサムな印象で素敵になりそうです。

【服装との合わせ方】
シャツはもちろん、デニムジャケットなど渋めなコーデと合わせていただくのもおすすめです◎
Yuuka
卵顔ブルベ
寄り目
ミカン下北店
#ユニセックスにおすすめ
#お仕事にも使える
#太縁
#カジュアル
#メガネ
#コンビネーション",Yuuka.jpeg,https://www.zoff.co.jp/shop/contents/staff_gallery_detail.aspx?cid=56242585
akina,湘南モールフィル店,丸顔,イエベ,普通(PD60),ミディアム,"#加工技術, #コンタクト併用相談, #お仕事にも使える, #イエベ向け, #ユニセックスにおすすめ, #初心者におすすめ, #ゲーム, #スニーカー, #料理, #K-POP","スタッフコメント
2025.12.13
ご覧いただきありがとうございます(*˘ ˘*)
⁡
＊ 顔型：丸顔
＊ 顔タイプ：フレッシュ
＊ 髪型：ミディアム
＊ 目の距離感：普通(PD60)
＊ パーソナルカラー：イエベ
⁡
⇧ 着用本人の特徴になります！
ご参考になれば幸いです🪽🫧


長時間の使用でも疲れにくい軽さと
掛け心地がしやなかで壊れにくい
大人気のZoff SMART👓✨

新機能としてスライド可能な
シリコン鼻パッドを搭載しております☝🏼
(万が一破損した場合も交換可能。)
クラシカルなウエリントンフレームは
男女問わず使いやすいデザインです🥰🫶🏼
akina
丸顔イエベ
普通
湘南モールフィル店
#ユニセックスにおすすめ
#初心者におすすめ
#上級者におすすめ
#お仕事にも使える
#おうち用におすすめ
#イエベ向け
#ブルベ向け
#黒縁
#モード
#カジュアル
#キレイめ
#スタイリッシュ
#メガネ
#Zoff smart
#プラスチック
#日常使いにおすすめ
#ドライブにおすすめ",akina.jpeg,https://www.zoff.co.jp/shop/contents/staff_gallery_detail.aspx?cid=56583619
にょろ,本社,丸顔,イエベ,普通,,"#お子様メガネ, #修理マイスター, #丸顔, #ブルベ夏, #スポーツ, #おうち時間, #ショッピング, #古着, #写真, #ゲーム","沖縄県出身。趣味は手芸です！

裏原系のファッションが多めです。

私の『好き』を見てください👀",にょろ.jpeg,https://www.zoff.co.jp/shop/contents/staff_list_detail.aspx?staff_id=124931
こーき,松本アイシティ21店,面長,イエベ,普通,,"#フィッティング, #強度近視相談, #トレンド, #シンプル, #リモートワーク, #花粉対策, #映画鑑賞, #美容, #キャンプ","長野県出身｜松本アイシティ21店勤務

野球観戦と映画鑑賞が趣味です⚾️🎥



オシャレを楽しみながら、毎日に寄り添うメガネを提案していきます！",こーき.jpeg,https://www.zoff.co.jp/shop/contents/staff_list_detail.aspx?staff_id=128790
hikaru,サクラマチクマモト店,,ブルベ,普通,,"#お子様メガネ, #レンズ知識, #お仕事にも使える, #黒縁, #ユニセックスにおすすめ, #初心者におすすめ, #ゲーム, #音楽鑑賞, #旅行","スタッフコメント
2025.12.10
黒縁のプラスチック素材で、キレイめからメガネ初心者まで安心してお選びいただけるアイテムです！

お仕事やおうち時間、さまざまなシーンで活躍し、大きなフレームが小顔効果やトレンド感も演出してくれます！
是非お試しください☺️
hikaru
卵顔ブルベ
普通
サクラマチクマモト店
#ユニセックスにおすすめ
#初心者におすすめ
#お仕事にも使える
#おうち用におすすめ
#黒縁
#ビックシェイプ
#モード
#カジュアル
#キレイめ
#メガネ
#プラスチック",hikaru.jpeg,https://www.zoff.co.jp/shop/contents/staff_gallery_detail.aspx?cid=56444012
ひー,ゆめタウン高松店,ベース型,イエベ,離れ目,,"#レンズ知識, #お子様メガネ, #ブルベ夏, #四角顔, #おうち時間, #デート, #サウナ, #映画鑑賞, #スニーカー","Zoffゆめタウン高松店 スタッフ

メガネがある方が盛れる顔🤓🌿

◽︎'87/159cm/イエベ

◽︎顔型 : ベース型丸顔/顔幅 : やや広め/瞳 : ややはなれ目👀丸いタレ目

◽︎コンプレックス : 頬骨張り、立派な鼻

◽︎大人カジュアル・シンプルが好きです

◽︎香川→大阪→奈良→兵庫→香川",ひー.jpeg,https://www.zoff.co.jp/shop/contents/staff_list_detail.aspx?staff_id=124924
しまちゃ,ルミネ池袋店,丸顔,イエベ,寄り目,,"#フレーム選定, #遠近両用, #キレイめ, #QOLメガネ, #女性におすすめ, #ユニセックスにおすすめ, #猫好き, #映画鑑賞, #K-POP","スタッフコメント
2025.11.28
☆Zoff SMART with MAQuillAGE☆
チークのように見えるピンクのグラデーションが特徴的なフレームです。

ノーメイクでもほんのりチークを付けたようなお顔になるところが大好きなポイントです☺️
ピンクメイクを合わせるとよりキュートな印象になります♡
また、軽くてしなやかな素材を使っているので、お家用メガネとしてもオススメです。
しまちゃ
丸顔イエベ
寄り目
ルミネ池袋店
#女性におすすめ
#ユニセックスにおすすめ
#おうち用におすすめ
#キレイめ
#QOLメガネ
#メガネ
#ピンク
#フェミニン
#Zoff smart
#プラスチック",しまちゃ.jpeg,https://www.zoff.co.jp/shop/contents/staff_gallery_detail.aspx?cid=56028774
ごめ,イオンモール東浦店,面長,イエベ,タレ目,,"#レンズ知識, #フレーム選定, #ヴィンテージ風, #キレイめ, #女性におすすめ, #初心者におすすめ, #アート, #サウナ, #犬好き, #旅行","スタッフコメント
2025.12.13
[顔型]面長
[瞳孔距離(目と目の距離)]62
[目の形]タレ目

⚪︎強度数さんオススメ度⚪︎ 80%
⚪︎カラーレンズオススメ度⚪︎80%
⚪︎かけ心地らくらく度⚪︎80%

シンプルで小ぶりなブラウンメタルフレーム。

レンズサイズが小さめのため
目がぱっちり見えやすくオススメです♪

ビジネスシーンにも合いやすく
カジュアルスタイルにも合うので
1本のメガネでどちらも楽しみたい！方に
ぴったりなデザインです。

ぜひお試しください！
ごめ
面長顔イエベ
普通
イオンモール東浦店
#女性におすすめ
#初心者におすすめ
#ヴィンテージ風
#キレイめ
#メガネ
#ブラウン
#面長顔におすすめ
#メタル",ごめ.jpeg,https://www.zoff.co.jp/shop/contents/staff_gallery_detail.aspx?cid=56583311
ひー,ゆめタウン高松店,ベース型,イエベ,離れ目,,"#フレーム選定, #レンズ知識, #黒縁, #太縁, #男性におすすめ, #女性におすすめ, #写真, #猫好き, #ショッピング, #アート","スタッフコメント
2025.09.13
⚪︎顔型：ベース型丸顔
⚪︎顔幅：やや広め
⚪︎瞳孔距離（PD）：ややはなれ目

【デザイン/イメージ】
クラシック、モダン、カジュアル...
幅広いスタイリングになじむハンサムなフレ
ーム✨

丸みのあるウェリントンシェイプは、クールな中にどこか愛らしさもある印象。
だから、性別や年代を問わず人気です！
普段使いはもちろん、お仕事にもおすすめです。

【カラー】
一本持っておいて間違いない、黒縁。
フレームの太さやシェイプが絶妙で威圧感はなく、ちょうど良く黒縁を楽しめます◎
ひー
ベース顔イエベ
離れ目
ゆめタウン高松店
#男性におすすめ
#女性におすすめ
#ユニセックスにおすすめ
#黒縁
#太縁
#モード
#カジュアル
#スタイリッシュ",ひー.jpeg,https://www.zoff.co.jp/shop/contents/staff_gallery_detail.aspx?cid=53018827
タカハシ,ゆめタウン丸亀店,丸顔,イエベ,普通,,"#レンズ知識, #視力測定, #お仕事にも使える, #イエベ向け, #ユニセックスにおすすめ, #初心者におすすめ, #カフェ巡り, #音楽鑑賞, #映画鑑賞, #スニーカー","スタッフコメント
2025.12.12
☕️ カフェで楽しむ、自分時間のためのリラックスアイウェア

やさしい空気が流れるカフェで、
肩の力を抜いて過ごす“自分時間”に寄り添う一本。

丸みのある ボストンシェイプ が表情をやわらかく見せ、
かけるだけで自然体のリラックス感を演出します🌿

カフェラテを思わせる ミルキーでやさしいカラーリング は、
肌なじみが良く、ナチュラルで上品な印象に。

甘さのあるレディなスタイリングはもちろん、
カジュアルやシンプルな装いにもすっとなじむ万能フレームです✨

⸻

🎨 おすすめカラーレンズ
・アッシュベージュ（20〜40％）
肌トーンになじみやすく、白浮きしにくいカラー。
室内でも自然に使え、やさしく洗練された印象に🤍
・アンバーブラウン（20％）
目元にほんのり温かみをプラス。
カフェや日常シーンで使いやすく、リラックス感のある表情に☕️
・スモーキーグレー（20％）
甘さを抑えたい方におすすめ。
フレームの丸みを引き締め、大人っぽい雰囲気に🖤

⸻

😊 顔型相性
・丸顔　★★★★★
丸み×丸みでバランスが取りやすく、やさしい印象に。
・逆三角　★★★★☆
シャープな輪郭を和らげ、顔全体をやわらかく見せます。
・面長　★★★★☆
縦ラインを強調しすぎず、自然なバランスに。
・四角（ベース）★★★★☆
角のある輪郭を中和し、親しみやすい印象に。
・卵型　★★★★★
どんなスタイルにもなじむ万能シェイプ✨


👗 スタイリング提案

① カフェラテカラーでつくる、やさしい休日スタイル ☕️
ニットやスウェット、シャツなどベーシックなトップスに合わせるだけで、
顔まわりがふんわりやわらぐリラックス感のある印象に。
ベージュ・アイボリー・ライトグレーなどの淡色コーデと好相性🤍

⸻

② ほんのりレディな、甘さ控えめコーデ 🌸
フレアスカートや柔らか素材のワンピースに合わせると、
丸みのあるフレームが女性らしさを引き立ててくれます。
カジュアルすぎず、きちんと感もキープできるのが魅力✨

⸻

③ デニム×シャツの定番カジュアルにも 👖
シンプルなデニムスタイルにプラスすると、
メガネがほどよいアクセントになり、こなれた雰囲気に。
「頑張ってないのにおしゃれ」なバランスが完成します◎

⸻

④ おうち時間・ワークシーンにも 💻
主張しすぎないカラーと丸みのあるデザインで、
長時間かけても目元がきつく見えにくいのがポイント。
在宅ワークや読書タイムにもおすすめです📖


タカハシ
卵顔イエベ
普通
ゆめタウン丸亀店
#ユニセックスにおすすめ
#初心者におすすめ
#お仕事にも使える
#おうち用におすすめ
#イエベ向け
#カジュアル
#メガネ
#ブラウン
#プラスチック
#日常使いにおすすめ",タカハシ.jpeg,https://www.zoff.co.jp/shop/contents/staff_gallery_detail.aspx?cid=56539935
Yuuka,ミカン下北店,,ブルベ,寄り目,,"#コンタクト併用相談, #カラーレンズ知識, #ビックシェイプ, #キレイめ, #ユニセックスにおすすめ, #読書, #ゲーム, #犬好き, #筋トレ","スタッフコメント
2025.11.07
高品質なチタンフレーム。
上質な光沢感と細めリムが今っぽく、キレイめにもカジュアルにもかけられます！

女性にはやや大きめフレームなので、ダテめがねや弱度数の方におすすめです。

少しハンサムな印象にもなるので、レディライクなお洋服とも相性バッチリです◎
Yuuka
卵顔ブルベ
寄り目
ミカン下北店
#ユニセックスにおすすめ
#ビックシェイプ
#キレイめ
#スタイリッシュ
#ドレッシー
#おでかけめがね",Yuuka.jpeg,https://www.zoff.co.jp/shop/contents/staff_gallery_detail.aspx?cid=55233937
みすず,ディアモール大阪店,,イエベ,普通,,"#調整技術, #認定眼鏡士, #べっこう柄, #キレイめ, #だてメガネにおすすめ, #読書, #筋トレ, #アート, #スニーカー, #猫好き","スタッフコメント
2025.12.07
ピンク×ブラックの組み合わせが、
お顔周りに華やかさとメリハリをつけてくれます👩🏻🎀

お化粧をした上からかけても、すっぴんの時にかけても使いやすいデザインです👏🏻

軽いフレームで、鼻パッドがシリコン素材なので、長時間かけていても負担が少なく、鼻の跡もつきにくいです🌟
みすず
卵顔イエベ
普通
ディアモール大阪店
#べっこう柄
#キレイめ
#メガネ
#Zoff smart
#プラスチック
#だてメガネにおすすめ
#MAQuillAGE",みすず.jpeg,https://www.zoff.co.jp/shop/contents/staff_gallery_detail.aspx?cid=56337619
しまちゃ,ルミネ池袋店,丸顔,イエベ,寄り目,,"#カラーレンズ知識, #認定眼鏡士, #キレイめ, #QOLメガネ, #おうち用におすすめ, #おうち時間, #旅行, #写真, #サウナ","スタッフコメント
2025.11.28
☆Zoff SMART with MAQuillAGE☆
チークのように見えるブラウンのグラデーションが特徴的なフレームです。

グラデーションのおかげでほんのりチークを付けたようなお顔になるところも大好きなポイントです☺️
ベージュのフレームはどんなお洋服や髪色にも合わせやすいのでメガネ初心者さんにもオススメです🎶
しまちゃ
丸顔イエベ
寄り目
ルミネ池袋店
#おうち用におすすめ
#キレイめ
#QOLメガネ
#メガネ
#ブラウン
#フェミニン
#Zoff smart
#プラスチック",しまちゃ.jpeg,https://www.zoff.co.jp/shop/contents/staff_gallery_detail.aspx?cid=56028940
osae,ルミネエスト新宿店,面長,ブルベ,寄り目,,"#レンズ知識, #フィッティング, #ブルベ向け, #黒縁, #男性におすすめ, #女性におすすめ, #古着, #アニメ, #読書, #旅行","スタッフコメント
2025.12.05
カラーレンズは濃度20%のグレーのライトカラーです。
メイクやコーディネートの邪魔をせず、日常使いしやすいです！
ブルベの方、ぜひ掛けていただきたいです☺️
osae
面長顔ブルベ
寄り目
ルミネエスト新宿店
#男性におすすめ
#女性におすすめ
#ユニセックスにおすすめ
#初心者におすすめ
#ブルベ向け
#黒縁
#太縁
#モード
#カジュアル
#キレイめ
#すぐに使えるサングラス
#秋冬におすすめサングラス
#中顔面短縮みえ
#サングラス
#丸顔におすすめ
#面長顔におすすめ
#卵顔におすすめ
#冬コーデにおすすめ
#ライトカラーサングラス
#プラスチック
#日常使いにおすすめ
#ドライブにおすすめ",osae.jpeg,https://www.zoff.co.jp/shop/contents/staff_gallery_detail.aspx?cid=56265287
Yuuka,ミカン下北店,,ブルベ,寄り目,,"#レンズ知識, #強度近視相談, #ビックシェイプ, #カジュアル, #ユニセックスにおすすめ, #初心者におすすめ, #カフェ巡り, #読書, #料理","スタッフコメント
2025.10.31
クラシックなボストン型フレーム👓

大きめフレームなので、薄めのカラーレンズと合わせて使うのもオススメです◎
Yuuka
卵顔ブルベ
寄り目
ミカン下北店
#ユニセックスにおすすめ
#初心者におすすめ
#ビックシェイプ
#カジュアル
#カフェ × めがね
#おでかけめがね",Yuuka.jpeg,https://www.zoff.co.jp/shop/contents/staff_gallery_detail.aspx?cid=54976913
Sara,ミカン下北店,丸顔,ブルベ,寄り目,,"#レンズ知識, #強度近視相談, #お仕事にも使える, #ビックシェイプ, #ユニセックスにおすすめ, #初心者におすすめ, #サウナ, #ショッピング, #K-POP, #カフェ巡り","スタッフコメント
2025.11.19
おすすめポイント

⭐︎ツートンで、顔に馴染みつつ目元をくっきりしてくれるのでデカ目効果抜群

⭐︎大きめのレンズで、小顔効果抜群

⭐︎上部分が直前なので、丸顔さんでも似合いやすい大きめフレームです
Sara
丸顔ブルベ
寄り目
ミカン下北店
#ユニセックスにおすすめ
#初心者におすすめ
#上級者におすすめ
#お仕事にも使える
#ビックシェイプ
#モード
#メガネ
#丸顔におすすめ
#面長顔におすすめ
#春コーデにおすすめ
#夏コーデにおすすめ
#秋コーデにおすすめ
#冬コーデにおすすめ
#メタル",Sara.jpeg,https://www.zoff.co.jp/shop/contents/staff_gallery_detail.aspx?cid=55655739
とらいあんぐる,イオンモール橿原店,面長,イエベ,普通,,"#レンズ知識, #フレーム選定, #お仕事にも使える, #黒縁, #男性におすすめ, #日常使いにおすすめ, #スニーカー, #犬好き, #サウナ","スタッフコメント
2025.12.11
【高級感漂うウェリントンフレーム
SMART REGULAR PREMIUM】

スマートな印象を演出する
Zoff smartのウェリントンフレームは、
男性に最適な黒縁メガネです。
上質なプラスチック素材を採用し、
軽やかで快適な装着感を実現。

キレイめでスタイリッシュなデザインは、
ビジネスシーンから日常のカジュアルまで
幅広く活躍し、
どんなコーディネートにも自然に馴染みます。

重厚感ある見た目に
メタルパーツを埋め込むことで立体感を生み出し
力強さとシャープな雰囲気を演出。
高級感漂う仕上がりです。

とらいあんぐる
面長顔イエベ
普通
イオンモール橿原店
#男性におすすめ
#お仕事にも使える
#黒縁
#キレイめ
#スタイリッシュ
#メガネ
#Zoff smart
#プラスチック
#日常使いにおすすめ",とらいあんぐる.jpeg,https://www.zoff.co.jp/shop/contents/staff_gallery_detail.aspx?cid=56499747
Ayako,ミカン下北店,丸顔,イエベ,寄り目,,"#加工技術, #コンタクト併用相談, #お仕事にも使える, #クリアフレーム, #女性におすすめ, #初心者におすすめ, #K-POP, #ゲーム, #読書, #犬好き","スタッフコメント
2025.12.14
ご覧いただきありがとうございます🕊️🤍

“メガネでみせる多幸感”。
血色メイクと相性抜群な
あざと可愛い透けピンクフレーム𓂃◌𓈒𓐍

ほんのりシアーなピンクカラーが
肌とメイクに自然になじんで、
すっぴん感ゼロ・盛りすぎ感ゼロなのに
「なんか今日かわいい」を作ってくれる一本👓💄

軽くてズレにくいZoff SMARTだから、
強度近視さんでも
長時間かけてもストレスフリー💡
メイクの可愛さを引き立ててくれる、
“顔面偏差値底上げフレーム”です💞

⸻

顔型別おすすめ度

卵型　❤︎❤︎❤︎❤︎❤︎
フレームもメイクも全部ハマる最強バランス。

丸顔　❤︎❤︎❤︎❤︎❤︎
透け感で重さゼロ。多幸感だけ残る◎

面長　❤︎❤︎❤︎❤︎
丸みで縦ラインをやさしく中和。

ベース型　❤︎❤︎❤︎❤︎
血色カラーで骨感がやわらぎ、女性らしく。

逆三角　❤︎❤︎❤︎❤︎❤︎
目元に視線が集まって、愛され印象に💞

⸻

オススメ顔タイプᵕ̈

✨ 1位：キュートさん
丸み×ピンク×血色感で、多幸感MAX💗

✨ 2位：フェミニンさん
メイク映えが加速して、守られ顔に。

✨ 3位：フレッシュさん
抜け感が出て、一気に垢抜け。

⸻

👓 スタイリング提案

● MAQuillAGE血色メイク合わせ
・ツヤベース
・ピンク×ブラウンアイ
・うるツヤリップ
→ メガネ越しでも「ちゃんと可愛い」💄💞

● デート・お出かけコーデ
・淡色ニット
・赤みチーク
・ナチュラル眉
→ 話しかけやすくて、ずっと見てたくなる👓🫶
Ayako
卵顔イエベ
寄り目
ミカン下北店
#女性におすすめ
#初心者におすすめ
#お仕事にも使える
#おうち用におすすめ
#クリアフレーム
#キレイめ
#ドレッシー
#中顔面短縮みえ
#メガネ
#ピンク
#卵顔におすすめ
#春コーデにおすすめ
#冬コーデにおすすめ
#フェミニン
#プラスチック
#MAQuillAGE",Ayako.jpeg,https://www.zoff.co.jp/shop/contents/staff_gallery_detail.aspx?cid=56592343
uka,イオンモール橿原店,丸顔,イエベ,普通,,"#調整技術, #コンタクト併用相談, #ゴールド, #キレイめ, #ユニセックスにおすすめ, #だてメガネにおすすめ, #ショッピング, #キャンプ, #読書","スタッフコメント
2025.12.03
ブラックとゴールドの相性が良く、カジュアルになりすぎず、おしゃれで上品な印象になります🪽

ブロータイプのメガネは大人っぽく落ち着いた雰囲気になるので、かけるだけで気分もあがります🎶🎶

目元にメリハリが出るので、いつものコーディネートのワンポイントにぴったりです✨
uka
丸顔イエベ
普通
イオンモール橿原店
#ユニセックスにおすすめ
#ゴールド
#キレイめ
#QOLメガネ
#メガネ
#だてメガネにおすすめ",uka.jpeg,https://www.zoff.co.jp/shop/contents/staff_gallery_detail.aspx?cid=56210638
タカハシ,ゆめタウン丸亀店,丸顔,イエベ,普通,,"#視力測定, #お子様メガネ, #面長, #四角顔, #ドライブ, #ギフト, #音楽鑑賞, #美容, #キャンプ","👓 スタッフプロフィール 👓



📝 タカハシってこんな人

• 中学生＆小学生の男の子のママ👦🏻👦🏻

• 元保育士で、お子様向けイベントの進行経験あり

• 絵やクリエイティブな作業が得意🎨

• 全国の働く世代の皆さんの

✨キラキラ メガネおしゃれライフ✨を応援中！



⸻



💡 顔・骨格タイプ

• 丸顔に近い卵型

• 骨格ウェーブ／パーソナルカラー：イエベ

• PD（瞳孔間距離）：62mm

• 標準体型＆標準的な顔サイズ
• ジェンダーレスな雰囲気なので男性の皆さんもぜひ参考にして頂きたいです！




⸻



👗 ファッションタイプ

• キレイめカジュアル

• ハンサムスタイル",タカハシ.jpeg,https://www.zoff.co.jp/shop/contents/staff_list_detail.aspx?staff_id=128796
kitsune,ルミネ有楽町店,面長,イエベ,離れ目,,"#コンタクト併用相談, #フィッティング, #お仕事にも使える, #イエベ向け, #ユニセックスにおすすめ, #初心者におすすめ, #料理, #ディズニー, #カフェ巡り","スタッフコメント
2025.12.06
Zoff│MARW UNITED ARROWS

シンプルで使いやすいサイズのクラウンパントフレーム✨
細身でさりげないこなれ感が演出できます😌
普段使いからお仕事使いまでしていただけます◎
kitsune
卵顔イエベ
離れ目
ルミネ有楽町店
#ユニセックスにおすすめ
#初心者におすすめ
#お仕事にも使える
#おうち用におすすめ
#イエベ向け
#ブルベ向け
#黒縁
#キレイめ
#スタイリッシュ
#QOLメガネ
#メガネ
#面長顔におすすめ
#ベース顔におすすめ
#卵顔におすすめ
#逆三角顔におすすめ
#春コーデにおすすめ
#夏コーデにおすすめ
#秋コーデにおすすめ
#冬コーデにおすすめ
#メタル
#日常使いにおすすめ
#だてメガネにおすすめ",kitsune.jpeg,https://www.zoff.co.jp/shop/contents/staff_gallery_detail.aspx?cid=56329197
しまちゃ,ルミネ池袋店,丸顔,イエベ,寄り目,,"#認定眼鏡士, #フレーム選定, #イエベ春, #四角顔, #ドライブ, #デート, #筋トレ, #美容, #読書, #アート","💝ガーリーな雰囲気が大好きです🎀

☆彡　1stイエベ春　2ndブルベ夏

☆彡　骨格ウェーブ

☆彡　PD56 寄り目",しまちゃ.jpeg,https://www.zoff.co.jp/shop/contents/staff_list_detail.aspx?staff_id=128777
にょろ,本社,丸顔,イエベ,普通,,"#視力測定, #認定眼鏡士, #お仕事にも使える, #クリアフレーム, #女性におすすめ, #お仕事用, #筋トレ, #映画鑑賞, #音楽鑑賞, #K-POP","スタッフコメント
2025.12.04
レザー風テンプルのデザインが
アクセントで、さりげないお洒落感を演出✨

キレイめな印象を与えてくれ、
オフィスから日常まで幅広いシーンで役立ちます。

内側のアクセントポイントは、
さりげない個性を演出しながら
かけると派手すぎず、上品さをキープ。
にょろ
丸顔イエベ
普通
本社
#女性におすすめ
#お仕事にも使える
#クリアフレーム
#キレイめ
#ラバテン
#メガネ
#プラスチック",にょろ.jpeg,https://www.zoff.co.jp/shop/contents/staff_gallery_detail.aspx?cid=56250948
とらいあんぐる,イオンモール橿原店,面長,イエベ,普通,,"#調整技術, #修理マイスター, #カジュアル, #QOLメガネ, #ユニセックスにおすすめ, #初心者におすすめ, #サウナ, #犬好き, #キャンプ, #音楽鑑賞","スタッフコメント
2025.12.13
日常使いにオススメ眼鏡
Zoff SMART Regular

｢Zoff SMARTとは」
・ユニセックスにおすすめのカジュアルな
QOLメガネです。
・長時間の使用でも疲れにくい軽さを実現。
・フレームがしなやかな為、壊れにくく、
フィット感も抜群。
・耳元は微調整可能なアームタイプで
快適なかけ心地。
・スライド可能なシリコン鼻PADを搭載。
すべりにくく、万が一破損した場合も
交換可能です。

シンプルながらも存在感のあるデザインで、
気軽におしゃれを楽しめ
どんなファッションにも自然に溶け込みますので
店頭でも人気のフレームです。

とらいあんぐる
面長顔イエベ
普通
イオンモール橿原店
#ユニセックスにおすすめ
#初心者におすすめ
#カジュアル
#QOLメガネ
#メガネ
#ブラウン
#Zoff smart
#プラスチック
#日常使いにおすすめ",とらいあんぐる.jpeg,https://www.zoff.co.jp/shop/contents/staff_gallery_detail.aspx?cid=56567028
kitsune,ルミネ有楽町店,面長,イエベ,離れ目,,"#認定眼鏡士, #フレーム選定, #イエベ向け, #黒縁, #男性におすすめ, #ユニセックスにおすすめ, #カフェ巡り, #アート, #筋トレ, #スニーカー","スタッフコメント
2025.12.06
Zoff | TOSHIMITSU

オシャレなセル巻きのボストンフレーム✨
ジャストサイズでこなれ感アップ⤴️
黒縁で目元の印象もアップです😎✨
kitsune
卵顔イエベ
離れ目
ルミネ有楽町店
#男性におすすめ
#ユニセックスにおすすめ
#上級者におすすめ
#イエベ向け
#黒縁
#ヴィンテージ風
#モード
#カジュアル
#ストリート
#QOLメガネ
#メガネ
#面長顔におすすめ
#ベース顔におすすめ
#卵顔におすすめ
#逆三角顔におすすめ
#秋コーデにおすすめ
#冬コーデにおすすめ
#コンビネーション
#だてメガネにおすすめ
#強度数におすすめ",kitsune.jpeg,https://www.zoff.co.jp/shop/contents/staff_gallery_detail.aspx?cid=56328835
MD,ルミネ立川店,,ブルベ,寄り目,,"#修理マイスター, #視力測定, #お仕事にも使える, #シルバー, #お仕事用, #リモートワーク, #ゲーム, #アニメ, #旅行","スタッフコメント
2025.11.29
シンプルなオーバルのメタルフレームです。
シーン問わず使いやすいと思います🌟
MD
卵顔ブルベ
寄り目
ルミネ立川店
#お仕事にも使える
#シルバー
#キレイめ
#メガネ
#メタル",MD.jpeg,https://www.zoff.co.jp/shop/contents/staff_gallery_detail.aspx?cid=56047097
ユーハ,ららぽーと名古屋みなとアクルス店,丸顔,イエベ,普通,,"#調整技術, #カラーレンズ知識, #シルバー, #カジュアル, #ユニセックスにおすすめ, #学習用, #筋トレ, #古着, #キャンプ","スタッフコメント
2025.11.20
軽量で丈夫なチタン素材のメタルフレームです。

ラウンド系ですが細身なので他のラウンドよりもかけやすく初めてのラウンドメガネでもかけやすいです。

またシルバーのフレームですが艶消しのシルバーなので派手さはなく、落ち着いた印象なのもポイントです。
ユーハ
丸顔イエベ
普通
ららぽーと名古屋みなとアクルス店
#ユニセックスにおすすめ
#シルバー
#カジュアル
#キレイめ
#チタン",ユーハ.jpeg,https://www.zoff.co.jp/shop/contents/staff_gallery_detail.aspx?cid=55717004
ごめ,イオンモール東浦店,面長,イエベ,タレ目,,"#レンズ知識, #フレーム選定, #ヴィンテージ風, #キレイめ, #女性におすすめ, #初心者におすすめ, #猫好き, #写真, #旅行, #キャンプ","スタッフコメント
2025.12.13
[顔型]面長
[瞳孔距離(目と目の距離)]62
[目の形]タレ目

⚪︎強度数さんオススメ度⚪︎ 70%
⚪︎カラーレンズオススメ度⚪︎80%
⚪︎かけ心地らくらく度⚪︎85%

スッキリとしたクラウンパントの
メタルフレーム。

ピンクゴールド×ブラウンカラーのため
さりげなく血色感UP！
メタルフレームのキラキラ感が
女性らしい可愛さを演出してくれます。

ラメのアイシャドウと合わせたり
ピンクのチークをいつもより濃いめに
入れても可愛いです♪

ぜひお試しください！
ごめ
面長顔イエベ
普通
イオンモール東浦店
#女性におすすめ
#初心者におすすめ
#ヴィンテージ風
#キレイめ
#メガネ
#面長顔におすすめ
#メタル",ごめ.jpeg,https://www.zoff.co.jp/shop/contents/staff_gallery_detail.aspx?cid=56566670
夏,イオンモール橿原店,丸顔,イエベ,普通,,"#遠近両用, #レンズ知識, #イエベ向け, #クリアフレーム, #ユニセックスにおすすめ, #初心者におすすめ, #カフェ巡り, #アート, #サウナ, #犬好き","スタッフコメント
2025.12.12
【カフェラテをイメージしたミルキーなカラー】

ブラウンのプラスチックフレームは、肌馴染みよく、ユニセックスにおすすめで初心者でも気軽に取り入れやすいデザインです！

ボストンタイプは、カジュアルなスタイルにぴったりで、様々なコーデに自然に溶け込みます🙆‍♀️
普段使いからコーデのアクセントまで幅広く活躍しそうです💭

夏
丸顔イエベ
普通
イオンモール橿原店
#ユニセックスにおすすめ
#初心者におすすめ
#イエベ向け
#クリアフレーム
#カジュアル
#メガネ
#ブラウン
#プラスチック",夏.jpeg,https://www.zoff.co.jp/shop/contents/staff_gallery_detail.aspx?cid=56533008
マナ,イオンモール東浦店,,イエベ,寄り目,,"#強度近視相談, #お子様メガネ, #韓国ファッション, #イエベ春, #アウトドア, #サングラス, #読書, #アニメ, #ゲーム","はじめまして！

皆様のメガネ選びの参考になれば嬉しいです·͜·ᰔᩚ",マナ.jpeg,https://www.zoff.co.jp/shop/contents/staff_list_detail.aspx?staff_id=129227
とらいあんぐる,イオンモール橿原店,面長,イエベ,普通,,"#お子様メガネ, #遠近両用, #お仕事にも使える, #キレイめ, #男性におすすめ, #日常使いにおすすめ, #アニメ, #ショッピング, #K-POP, #映画鑑賞","スタッフコメント
2025.12.13
【高級感漂うウェリントンフレーム
SMART REGULAR PREMIUM】

スマートな印象を演出する
Zoff smartのウェリントンフレームは、
男性に最適なメガネです。
上質なプラスチック素材を採用し、
軽やかで快適な装着感を実現。

キレイめでスタイリッシュなデザインは、
ビジネスシーンから日常のカジュアルまで
幅広く活躍し、
どんなコーディネートにも自然に馴染みます。

重厚感ある見た目に
メタルパーツを埋め込むことで立体感を生み出し
力強さとシャープな雰囲気を演出。
高級感漂う仕上がりです。

とらいあんぐる
面長顔イエベ
普通
イオンモール橿原店
#男性におすすめ
#お仕事にも使える
#キレイめ
#スタイリッシュ
#メガネ
#ブラウン
#Zoff smart
#プラスチック
#日常使いにおすすめ",とらいあんぐる.jpeg,https://www.zoff.co.jp/shop/contents/staff_gallery_detail.aspx?cid=56572966
みすず,ディアモール大阪店,,イエベ,普通,,"#フィッティング, #フレーム選定, #カジュアル, #メガネ, #女性におすすめ, #強度数におすすめ, #キャンプ, #ショッピング, #スニーカー, #読書","スタッフコメント
2025.12.11
サイズが小さめのフレームなので、
度数が強い方でも目が小さく見えづらく、
お顔が小さい方でもサイズ感がちょうど良くかけることができます✨

オリーブカラーが落ち着いた印象を与え、お肌にも馴染みます🌿
みすず
卵顔イエベ
普通
ディアモール大阪店
#女性におすすめ
#カジュアル
#メガネ
#プラスチック
#強度数におすすめ",みすず.jpeg,https://www.zoff.co.jp/shop/contents/staff_gallery_detail.aspx?cid=56488179
uka,イオンモール橿原店,丸顔,イエベ,普通,,"#フレーム選定, #調整技術, #フェミニン, #モード, #デート, #お仕事用, #音楽鑑賞, #猫好き, #映画鑑賞",,uka.jpeg,https://www.zoff.co.jp/shop/contents/staff_list_detail.aspx?staff_id=128772
マナ,イオンモール東浦店,,イエベ,寄り目,,"#強度近視相談, #認定眼鏡士, #べっこう柄, #カジュアル, #女性におすすめ, #ドライブ, #アニメ, #ディズニー, #キャンプ, #古着","スタッフコメント
2025.11.14
⚯ZJ251007_29A1

顔にメリハリが出るべっこう柄フレーム！
ただのべっこうではなく、ピンク味がしっかり入った華やかなデザインになっています🌸

頬にチークやハイライトをしっかりのせたメイクと相性バッチリで、より顔を明るく見せてくれます✨️

もちろんZoff smartシリーズなのでかけ心地も軽く抜群です！
マナ
卵顔イエベ
寄り目
イオンモール東浦店
#女性におすすめ
#べっこう柄
#カジュアル
#QOLメガネ
#フェミニン
#Zoff smart",マナ.jpeg,https://www.zoff.co.jp/shop/contents/staff_gallery_detail.aspx?cid=55498531
Ari,本社,面長,ブルベ,寄り目,,"#修理マイスター, #加工技術, #お仕事にも使える, #ブルベ向け, #女性におすすめ, #初心者におすすめ, #筋トレ, #サウナ, #アニメ, #旅行","スタッフコメント
2025.12.11
かけるだけで印象チェンジ！錯覚効果でデカ目が叶うボストンメガネ

〜Ari's recommendation〜
透明感のあるベージュフレームのボストン型メガネは、柔らかく知的な印象を演出してくれる万能アイテム✨

丸みのあるフレームラインが目元を優しく包み込み、錯覚効果で自然なデカ目っぽくみえるが期待できます！小さめサイズなので女性の顔にしっかりフィットし、華奢な印象に。

定番のボストン型だから、どんなファッションにも合わせやすく、オンオフ問わず活躍してくれます。程よいボリューム感があるので、シンプルなブラックトップスとも相性抜群で、コーディネートの主役としてもおすすめです💕

〜Ari's point〜
◼面長顔さんとの相性
⭐⭐⭐⭐⭐ 5/5
横幅のある丸みフレームが顔の縦ラインをカバーし、バランスよく見せてくれます！

◼ひとみの距離が近めな方との相性
⭐⭐⭐⭐☆ 4/5
小さめサイズ設計なので、目幅が狭めの方にもしっかりフィット。自然な装着感です。

◼掛け心地
⭐⭐⭐⭐⭐︎ 5/5
程よいフィット感で快適な着用感が続きます。
Ari
面長顔ブルベ
寄り目
本社
#女性におすすめ
#初心者におすすめ
#お仕事にも使える
#ブルベ向け
#クリアフレーム
#太縁
#モード
#カジュアル
#キレイめ
#ドレッシー
#中顔面短縮みえ
#メガネ
#ピンク
#面長顔におすすめ
#フェミニン
#プラスチック
#だてメガネにおすすめ
#強度数におすすめ",Ari.jpeg,https://www.zoff.co.jp/shop/contents/staff_gallery_detail.aspx?cid=56488498
Ayako,ミカン下北店,丸顔,イエベ,寄り目,,"#遠近両用, #加工技術, #黒縁, #ビックシェイプ, #女性におすすめ, #ユニセックスにおすすめ, #料理, #筋トレ, #美容","スタッフコメント
2025.12.14
ご覧いただきありがとうございます🕊️🤍

“黒縁じゃないのに、ちゃんと盛れる”。
知的さと透明感を両立した
あざといラウンドメタルフレーム𓂃◌𓈒𓐍

細身のブラックが顔にすっと溶け込んで、
輪郭も目元も自然に引き締めてくれる一本👓✨
主張しすぎないのに、
「なんか雰囲気いい」の正体はこれ。

丸みのあるラウンド型だから
クールになりすぎず、
知的×やわらかさのバランスが絶妙🫶
大人っぽいのに、近寄りがたい感じゼロ。

“盛ってない風で一番盛れる”
デイリー使いの最適解フレームです🖤😌

⸻

顔型別おすすめ度

卵型　❤︎❤︎❤︎❤︎❤︎
どんな印象にも振れる万能型。知的さが自然にプラス。

丸顔　❤︎❤︎❤︎❤︎
細フレームで甘さを抑えて、すっきり大人見え◎

面長　❤︎❤︎❤︎❤︎
丸みで縦ラインを中和。バランスよく優しい印象に。

ベース型　❤︎❤︎❤︎❤︎
骨感をやわらげて、洗練された雰囲気に。

逆三角　❤︎❤︎❤︎
シャープさは残しつつ、強さを程よくセーブ。

⸻

オススメ顔タイプᵕ̈

✨ 1位：ソフトエレガントさん
繊細ライン×ふんわり質感で、品の良さが爆上がり。

✨ 2位：フレッシュさん
軽さのあるラウンドで、清潔感と抜け感が両立◎

✨ 3位：フェミニンさん
甘さ控えめに仕上げたい日にちょうどいいバランス。

⸻

👓 スタイリング提案

● ブラックアウター × 差し色ニット
・ライム or グリーンインナー
・ツヤ控えめベースメイク
・血色ローズリップ
→ “シンプルなのに印象残る”知的モテコーデ🖤✨

● 大人カジュアルデート
・白タートル
・ロングコート
・ナチュラル眉＆まつ毛
→ 話しかけやすいのに、ちゃんとおしゃれな人👓🤍
Ayako
卵顔イエベ
寄り目
ミカン下北店
#女性におすすめ
#ユニセックスにおすすめ
#初心者におすすめ
#黒縁
#ビックシェイプ
#ヴィンテージ風
#カジュアル
#キレイめ
#中顔面短縮みえ
#メガネ
#卵顔におすすめ
#メタル",Ayako.jpeg,https://www.zoff.co.jp/shop/contents/staff_gallery_detail.aspx?cid=56592203
taku,府中フォーリス店,丸顔,ブルベ,普通,,"#カラーレンズ知識, #レンズ知識, #お仕事にも使える, #イエベ向け, #ユニセックスにおすすめ, #初心者におすすめ, #サウナ, #アニメ, #K-POP","スタッフコメント
2025.11.30
Zoff | TOSHIMITSU

【#04】
かけるだけで印象を変えられるブロータイプ。
コーディネートの主役になる1本。

目元の印象がしっかりと
お顔全体が知的で高級感のあるイメージに

きれい目な服装にはもちろん
カジュアルな服装に外しアイテムとして
組み合わせるのもおすすめです！

グリーンカラーは顔馴染み抜群！

こだわりが散りばめられたフレーム
是非お使いくださいね！
taku
丸顔ブルベ
普通
府中フォーリス店
#ユニセックスにおすすめ
#初心者におすすめ
#上級者におすすめ
#お仕事にも使える
#イエベ向け
#ブルベ向け
#カジュアル
#キレイめ
#スタイリッシュ
#メガネ
#コンビネーション",taku.jpeg,https://www.zoff.co.jp/shop/contents/staff_gallery_detail.aspx?cid=56087422
MD,ルミネ立川店,,ブルベ,寄り目,,"#コンタクト併用相談, #強度近視相談, #お仕事にも使える, #キレイめ, #おうち用におすすめ, #お仕事用, #旅行, #音楽鑑賞, #写真","スタッフコメント
2025.11.29
Zoff SMART の新色フレームです❣️
色は薄いベージュで、下に向けて濃くなっていくグラデーションが可愛すぎます！
MD
卵顔ブルベ
寄り目
ルミネ立川店
#お仕事にも使える
#おうち用におすすめ
#キレイめ
#メガネ
#Zoff smart
#プラスチック",MD.jpeg,https://www.zoff.co.jp/shop/contents/staff_gallery_detail.aspx?cid=56047027
イト,イオンモール各務原インター店,,イエベ,普通,,"#フィッティング, #レンズ知識, #お仕事にも使える, #キレイめ, #女性におすすめ, #ユニセックスにおすすめ, #アート, #料理, #犬好き, #サウナ","スタッフコメント
2025.12.12
Zoff SMART with MAQuillAGE

掛けるだけで、自然と血色感が出ます♪
顔の印象まで変えてくれ、気分を高めてくれるフレームです☆

ピンクデミなので眼鏡感も和らげてくれます☺️

⭐️メイク盛れ
⭐️女性人気
⭐️軽量素材

是非、試してみて下さい🦭💨
イト
卵顔イエベ
普通
イオンモール各務原インター店
#女性におすすめ
#ユニセックスにおすすめ
#初心者におすすめ
#お仕事にも使える
#おうち用におすすめ
#キレイめ
#QOLメガネ
#秋コーデにおすすめ
#冬コーデにおすすめ
#プラスチック
#MAQuillAGE",イト.jpeg,https://www.zoff.co.jp/shop/contents/staff_gallery_detail.aspx?cid=56541028
ぐっち,東京ドームシティ・ラクーア店,丸顔,イエベ,寄り目,,"#加工技術, #レンズ知識, #ビックシェイプ, #カジュアル, #女性におすすめ, #ユニセックスにおすすめ, #料理, #音楽鑑賞, #カフェ巡り, #K-POP","スタッフコメント
2025.12.12
柔軟性に優れたフレーム設計により、長時間快適な装着感です！
細さと軽さを追求したSkinnyデザインは、顔なじみも良く、誰にでも馴染むユニセックスなスタイル。

ピンク×ブラウンの上品なカラーリングは、カジュアルからビッグシェイプまで多彩なコーデに映えるアクセントになります。
メタルパーツが顔回りを明るく見せ、自然な印象を引き立てます。
ぐっち
丸顔イエベ
寄り目
東京ドームシティ・ラクーア店
#女性におすすめ
#ユニセックスにおすすめ
#初心者におすすめ
#上級者におすすめ
#ビックシェイプ
#カジュアル
#メガネ
#Zoff smart",ぐっち.jpeg,https://www.zoff.co.jp/shop/contents/staff_gallery_detail.aspx?cid=56558529
こま,イオンモール木曽川店,丸顔,イエベ,普通,,"#コンタクト併用相談, #認定眼鏡士, #イエベ向け, #べっこう柄, #サングラス, #リモートワーク, #読書, #古着, #ゲーム, #キャンプ","スタッフコメント
2025.11.29
Zoff | TOSHIMITSU

クリエイターとしみつさんの初コラボレーションによるZoffのメガネが登場✨
べっこう柄とゴールドのコンビネーションが、洗練されたおしゃれ感を演出します。
かけるだけで印象が変わるブロータイプは、コーディネートの主役になること間違いなしです🎶
イエベ向けのデザインで、自然な美しさを引き出しながらも、さりげなく差をつけたい方にぴったりです🍂
こま
丸顔イエベ
普通
イオンモール木曽川店
#イエベ向け
#べっこう柄
#ゴールド
#メガネ
#コンビネーション",こま.jpeg,https://www.zoff.co.jp/shop/contents/staff_gallery_detail.aspx?cid=56038268
マナ,イオンモール東浦店,,イエベ,寄り目,,"#強度近視相談, #加工技術, #お仕事にも使える, #イエベ向け, #ユニセックスにおすすめ, #お仕事用, #古着, #犬好き, #スニーカー, #映画鑑賞","スタッフコメント
2025.11.06
⚯ZO252009_43E1

人気のPEANUTSコレクションの新作です♪
きらきらブラウン×ブルー×べっこう柄の可愛さ詰め合わせのフレームデザイン🤎🩵

ボストン型なので小顔効果も期待できます✨️
テンプルがべっこう柄になっているので、横から見ると更におしゃれ感が増します。
マナ
卵顔イエベ
寄り目
イオンモール東浦店
#ユニセックスにおすすめ
#お仕事にも使える
#イエベ向け
#べっこう柄
#モード
#カジュアル",マナ.jpeg,https://www.zoff.co.jp/shop/contents/staff_gallery_detail.aspx?cid=55167691
にょろ,本社,丸顔,イエベ,普通,,"#調整技術, #認定眼鏡士, #お仕事にも使える, #キレイめ, #女性におすすめ, #初心者におすすめ, #ショッピング, #カフェ巡り, #アート","スタッフコメント
2025.12.04
レザー風テンプルのデザインが
アクセントで、さりげないお洒落感を演出✨

キレイめな印象を与えてくれ、
オフィスから日常まで幅広いシーンで役立ちます。

肌なじみのよいピンクフレームで、
ゴージャスな雰囲気を出したい方におすすめです！
にょろ
丸顔イエベ
普通
本社
#女性におすすめ
#初心者におすすめ
#お仕事にも使える
#キレイめ
#スタイリッシュ
#ラバテン
#メガネ
#ピンク
#メタル",にょろ.jpeg,https://www.zoff.co.jp/shop/contents/staff_gallery_detail.aspx?cid=56254954
rico,心斎橋パルコ店,丸顔,イエベ,普通,,"#レンズ知識, #コンタクト併用相談, #ビックシェイプ, #カジュアル, #女性におすすめ, #ユニセックスにおすすめ, #ディズニー, #キャンプ, #ショッピング","スタッフコメント
2025.11.26
角張りすぎないシンプルなウェリントンフレームです!!

レンズがかなり大きめのサイズのフレームなのでファッションにアクセントをつけることができます♪
丸みを帯びた形なので柔らかい印象を演出できるので女性はもちろん、男性にもおすすめのフレームです!

ぜひお試しください☆彡


顔：丸顔　やや狭め幅
目：普通幅　たれ目
鼻：低め
肌：イエベ(自己診断)

rico
丸顔イエベ
普通
心斎橋パルコ店
#女性におすすめ
#ユニセックスにおすすめ
#初心者におすすめ
#上級者におすすめ
#ビックシェイプ
#カジュアル
#メガネ
#メタル",rico.jpeg,https://www.zoff.co.jp/shop/contents/staff_gallery_detail.aspx?cid=55944378
片田翔悟,ららぽーと沼津店,面長,ブルベ,普通,,"#コンタクト併用相談, #カラーレンズ知識, #べっこう柄, #カジュアル, #ユニセックスにおすすめ, #リモートワーク, #料理, #筋トレ, #サウナ, #スニーカー","スタッフコメント
2025.10.31
ラバー素材のテンプルなので、長時間かけていても耳が痛くなりにくい！
フロントのべっ甲柄は秋っぽさを出してくれます！
片田翔悟
面長顔ブルベ
普通
ららぽーと沼津店
#ユニセックスにおすすめ
#べっこう柄
#カジュアル
#ラバテン",片田翔悟.jpeg,https://www.zoff.co.jp/shop/contents/staff_gallery_detail.aspx?cid=54980352
osae,ルミネエスト新宿店,面長,ブルベ,寄り目,,"#フィッティング, #調整技術, #カジュアル, #個性派, #デート, #おうち時間, #写真, #音楽鑑賞, #アート","顔型 : 面長

PD :狭め

顔タイプ : ソフトエレガント

パーソナルカラー : ブルベ



顔薄めなのでメガネでカバーしてます🍃",osae.jpeg,https://www.zoff.co.jp/shop/contents/staff_list_detail.aspx?staff_id=124943
MD,ルミネ立川店,,ブルベ,寄り目,,"#フィッティング, #フレーム選定, #レトロ, #四角顔, #アウトドア, #デート, #サウナ, #読書, #犬好き, #古着",,MD.jpeg,https://www.zoff.co.jp/shop/contents/staff_list_detail.aspx?staff_id=124997
takoyama,イオンモールむさし村山店,,イエベ,寄り目,,"#フィッティング, #視力測定, #お仕事にも使える, #モード, #男性におすすめ, #初心者におすすめ, #猫好き, #筋トレ, #K-POP","スタッフコメント
2025.12.09
スクエア型チタンフレーム
シンプルなデザインで知的な印象を与えるインテリジェンスなフレーム👓
プライベートでも仕事でも活躍間違いなし！
takoyama
卵顔イエベ
寄り目
イオンモールむさし村山店
#男性におすすめ
#初心者におすすめ
#お仕事にも使える
#モード
#メガネ
#チタン",takoyama.jpeg,https://www.zoff.co.jp/shop/contents/staff_gallery_detail.aspx?cid=56422215
ユーハ,ららぽーと名古屋みなとアクルス店,丸顔,イエベ,普通,,"#コンタクト併用相談, #修理マイスター, #フェミニン, #ヴィンテージ, #ドライブ, #デート, #ゲーム, #スニーカー, #料理",,ユーハ.jpeg,https://www.zoff.co.jp/shop/contents/staff_list_detail.aspx?staff_id=125003
taku,府中フォーリス店,丸顔,ブルベ,普通,,"#修理マイスター, #お子様メガネ, #お仕事にも使える, #イエベ向け, #ユニセックスにおすすめ, #初心者におすすめ, #犬好き, #古着, #料理, #ディズニー","スタッフコメント
2025.11.30
Zoff | TOSHIMITSU

【#04】
かけるだけで印象を変えられるブロータイプ。
コーディネートの主役になる1本。

目元の印象がしっかりと
お顔全体が知的で高級感のあるイメージに

きれい目な服装にはもちろん
カジュアルな服装に外しアイテムとして
組み合わせるのもおすすめです！

こだわりが散りばめられたフレーム
是非お使いくださいね！
taku
丸顔ブルベ
普通
府中フォーリス店
#ユニセックスにおすすめ
#初心者におすすめ
#上級者におすすめ
#お仕事にも使える
#イエベ向け
#ブルベ向け
#カジュアル
#キレイめ
#スタイリッシュ
#メガネ
#コンビネーション",taku.jpeg,https://www.zoff.co.jp/shop/contents/staff_gallery_detail.aspx?cid=56087391
イト,イオンモール各務原インター店,,イエベ,普通,,"#レンズ知識, #遠近両用, #お仕事にも使える, #イエベ向け, #男性におすすめ, #女性におすすめ, #読書, #美容, #ディズニー, #猫好き","スタッフコメント
2025.12.12
ブラウンフレーム⭐️

眼鏡初心者の方でも挑戦しやすい形、大きさになっております‼️顔馴染みの良いブラウン！

男女問わず掛けやすいカラーになっております😊


⭐️伊達メガネ◎
⭐️初心者の方◎
⭐️カラーレンズ相性◎

是非、試してみて下さい🦭💨

イト
卵顔イエベ
普通
イオンモール各務原インター店
#男性におすすめ
#女性におすすめ
#ユニセックスにおすすめ
#初心者におすすめ
#お仕事にも使える
#おうち用におすすめ
#イエベ向け
#カジュアル
#メガネ
#ブラウン
#秋コーデにおすすめ
#冬コーデにおすすめ
#プラスチック",イト.jpeg,https://www.zoff.co.jp/shop/contents/staff_gallery_detail.aspx?cid=56560223
片田翔悟,イオンモール大高店,面長,ブルベ,普通,,"#修理マイスター, #コンタクト併用相談, #べっこう柄, #カジュアル, #ユニセックスにおすすめ, #初心者におすすめ, #映画鑑賞, #アニメ, #犬好き, #ショッピング","スタッフコメント
2025.12.01
ボストン型で柔らかく親しみやすい印象になる王道デザイン！
ピンクデミ柄でナチュラルにトーンアップもしてくれます。
落ち着いたファッションと合わせやすく、シャツやニットとの相性も◎
片田翔悟
面長顔ブルベ
普通
イオンモール大高店
#ユニセックスにおすすめ
#初心者におすすめ
#べっこう柄
#カジュアル
#メガネ
#Zoff smart
#プラスチック
#日常使いにおすすめ
#だてメガネにおすすめ",片田翔悟.jpeg,https://www.zoff.co.jp/shop/contents/staff_gallery_detail.aspx?cid=56118922
ぐっち,東京ドームシティ・ラクーア店,丸顔,イエベ,寄り目,,"#レンズ知識, #フレーム選定, #ストリート, #ビジネス, #リモートワーク, #旅行, #スニーカー, #犬好き, #読書, #美容",,ぐっち.jpeg,https://www.zoff.co.jp/shop/contents/staff_list_detail.aspx?staff_id=125018
rico,心斎橋パルコ店,丸顔,イエベ,普通,,"#お子様メガネ, #修理マイスター, #ビックシェイプ, #メガネ, #ユニセックスにおすすめ, #初心者におすすめ, #キャンプ, #猫好き, #ショッピング, #写真","スタッフコメント
2025.11.26
大きめのラウンド型チタンフレームです!

大きくてまん丸のデザインですがフレームが細身なので顔馴染みが抜群です⭐︎
さらにチタンフレームなので軽くてかけ心地が良いのも特徴です！
強度も高いので長く安心してお使いいただけます！

ぜひお試しください!

顔：丸顔　やや狭め幅
目：普通幅　たれ目
鼻：低め
肌：イエベ(自己診断)
rico
丸顔イエベ
普通
心斎橋パルコ店
#ユニセックスにおすすめ
#初心者におすすめ
#上級者におすすめ
#ビックシェイプ
#メガネ
#チタン",rico.jpeg,https://www.zoff.co.jp/shop/contents/staff_gallery_detail.aspx?cid=55944718
つなかん,大船ルミネウィング店,丸顔,イエベ,普通,,"#修理マイスター, #視力測定, #お仕事にも使える, #キレイめ, #女性におすすめ, #初心者におすすめ, #料理, #音楽鑑賞, #ディズニー, #K-POP","スタッフコメント
2025.12.14
軽やかなかけ心地が魅力のオーバルチタン
メガネは、普段使いにぴったりのアイテム。
フロント全体にチタンを採用し、
軽さと快適さを両立。

長時間の装用でも締め付け感が少なく、
負担なくおしゃれを楽しめます。
メタルフレーム特有のきらめきが高級感を
演出し、ビジネスシーンからカジュアルまで幅広く活躍します。

ブラウンのカラーがやわらかさと落ち着きをもたらし、女性におすすめです。
初心者の方でも扱いやすく、
メガネの新たな魅力を引き出します。

お仕事や日常のさまざまな場面で、
キレイめなスタイルに自然に馴染む一本。
軽さとデザイン性の両立により、
長く愛用できる高品質なアイテムです。

つなかん
丸顔イエベ
普通
大船ルミネウィング店
#女性におすすめ
#初心者におすすめ
#お仕事にも使える
#キレイめ
#メガネ
#ブラウン
#メタル",つなかん.jpeg,https://www.zoff.co.jp/shop/contents/staff_gallery_detail.aspx?cid=56596455
とらいあんぐる,イオンモール橿原店,面長,イエベ,普通,,"#強度近視相談, #修理マイスター, #面長, #丸顔, #ギフト, #ドライブ, #猫好き, #サウナ, #写真, #美容","奈良県出身。

2児の父親です。



眼鏡常用者なので

日常使いしやすい眼鏡、

飽きがこない眼鏡の提案が得意です。



趣味は

野球観戦⚾

麻雀🀄



エッホエッホ

眼鏡の良さを伝えなきゃ。",とらいあんぐる.jpeg,https://www.zoff.co.jp/shop/contents/staff_list_detail.aspx?staff_id=125041
いぐろ,下北沢店,面長,イエベ,普通,,"#調整技術, #視力測定, #クリアフレーム, #カジュアル, #ユニセックスにおすすめ, #初心者におすすめ, #K-POP, #ショッピング, #サウナ, #キャンプ","スタッフコメント
2025.12.12
・長時間の使用でも疲れにくい軽さを実現。
・フレームがしなやかな為、壊れにくく、フィット感も抜群。
・微調整可能なアームタイプで快適なかけ心地。

設計の丁番・テンプル構造を中心としたアップグレードによって、更なる掛け心地の良さを実現した新しいZoff SMART Skinny(ゾフ・スマート スキニー)シリーズです。
更にソフトな掛け心地になり、ズレ落ちづらくなりました。

丸メガネというトレンドワードでお馴染みのボストンタイプは、大きめサイズを掛けるのが最旬。
ビンテージな雰囲気のカラーで知的な印象に仕上がりました。
いぐろ
面長顔イエベ
普通
下北沢店
#ユニセックスにおすすめ
#初心者におすすめ
#クリアフレーム
#カジュアル",いぐろ.jpeg,https://www.zoff.co.jp/shop/contents/staff_gallery_detail.aspx?cid=56554975
,,,,,,"#お子様メガネ, #カラーレンズ知識, #クラシック, #アメリカン, #PC作業, #読書, #カフェ巡り, #キャンプ, #美容",,staff_112.jpeg,https://www.zoff.co.jp/shop/contents/staff_gallery_detail.aspx?cid=56584838
taku,府中フォーリス店,丸顔,ブルベ,普通,,"#コンタクト併用相談, #修理マイスター, #三角顔, #フレンチ, #サングラス, #運転, #写真, #ゲーム, #スニーカー","Zoff入社と共にメガネデビューいたしました！



日々

メガネ初心者の方

メガネ上級者の方

どんな方でも着用したくなるような

素敵なメガネを沢山上げていきたいです！

よろしくお願いいたします！",taku.jpeg,https://www.zoff.co.jp/shop/contents/staff_list_detail.aspx?staff_id=124973
しまちゃ,ルミネ池袋店,丸顔,イエベ,寄り目,,"#遠近両用, #フィッティング, #イエベ向け, #ヴィンテージ風, #ユニセックスにおすすめ, #秋コーデにおすすめ, #ゲーム, #筋トレ, #アート, #読書","スタッフコメント
2025.11.16
こっくりしたブラウンのサーモントフレームです！
少し癖のあるフレームはコーデのアクセントとして大活躍します🌟
伊達メガネにもってこいのデザインです♪
しまちゃ
丸顔イエベ
寄り目
ルミネ池袋店
#ユニセックスにおすすめ
#イエベ向け
#ヴィンテージ風
#べっこう柄
#カジュアル
#ブラウン
#秋コーデにおすすめ
#冬コーデにおすすめ
#コンビネーション
#だてメガネにおすすめ",しまちゃ.jpeg,https://www.zoff.co.jp/shop/contents/staff_gallery_detail.aspx?cid=55542429
kitsune,ルミネ有楽町店,丸顔,イエベ,離れ目,,"#レンズ知識, #強度近視相談, #イエベ向け, #太縁, #男性におすすめ, #上級者におすすめ, #ショッピング, #ゲーム, #アート","スタッフコメント
2025.12.06
Zoff | TOSHIMITSU

コーデの主役を張れる存在バツグンのサーモントフレーム✨

セル部分がべっこう、メタル部分がゴールドでオシャレな組み合わせ😎🎶

かけるだけでコーデがきりっと決まります！
kitsune
卵顔イエベ
離れ目
ルミネ有楽町店
#男性におすすめ
#上級者におすすめ
#イエベ向け
#太縁
#ビックシェイプ
#ヴィンテージ風
#べっこう柄
#ゴールド
#モード
#カジュアル
#ストリート
#QOLメガネ
#メガネ
#丸顔におすすめ
#面長顔におすすめ
#卵顔におすすめ
#秋コーデにおすすめ
#冬コーデにおすすめ
#コンビネーション
#だてメガネにおすすめ",kitsune.jpeg,https://www.zoff.co.jp/shop/contents/staff_gallery_detail.aspx?cid=56329023
Ari,本社,面長,ブルベ,寄り目,,"#調整技術, #レンズ知識, #お仕事にも使える, #べっこう柄, #女性におすすめ, #初心者におすすめ, #ディズニー, #美容, #古着","スタッフコメント
2025.11.13
メガネが主役の知的カジュアルスタイル♡
ボストン型フレームで作る垢抜けコーデ

シンプルな黒のリブトップス×パールボタンで作る、メガネ映えスタイル。
ボストン型のフレームが知的で洗練された印象をプラス。
メガネを主役にしたコーディネートは、フレームのデザインが引き立つシンプルなトップスがポイント！
パールの装飾がフェミニンさを添えて、カジュアルすぎない上品な仕上がりに✨

〜Ari's recommendation〜
Zoff SMARTとMAQuillAGEのボストン型フレームは、かけるだけで血色感アップ、メイクと合わせると多幸感がアップする魔法のメガネ♡

おすすめポイント：
グラデーションカラーがチークのような効果で、自然な血色感をプラス
中顔面短縮みえでバランスの良い顔立ちに見せてくれる
驚きの軽さで長時間かけても疲れにくい『Zoff SMART』シリーズ
しなやかで壊れにくく、フィット感抜群
レンズ越しに目が小さく見える悩みも解決！
メガネとメイクで作る、目もとぱっちりの表情。外出時もメガネをポジティブに楽しめるアイテムです💕

〜着用度数〜
-4.25に乱視度数が入ったレンズを着用しています✨
度付きをご検討の方はぜひ参考にしてみてください💞

〜度付きメガネメイク〜
プロフィールのInstagramで求心顔＆面長＆度付きの方におすすめメイク方法リール公開中です♬
ぜひ保存してメガネと一緒にお楽しみください😌

〜Ari's point〜
◼ 面長顔さんとの相性
⭐⭐⭐⭐⭐（5/5）

ボストン型の丸みのあるフォルムが、面長さんの縦のラインを優しくカバー。横幅を強調してバランスの良い印象に整えてくれます！

◼ ひとみの距離が近めな方との相性
⭐⭐⭐⭐☆（4/5）
ボストン型は比較的レンズ幅に余裕があるデザイン。ひとみの距離が近めの方でも、バランス良くかけていただけます◎

◼ 掛け心地
⭐⭐⭐⭐⭐（5/5）
『Zoff SMART』シリーズならではの軽量設計で、長時間かけても疲れにくい！微調整可能なアームタイプで、自分にぴったりのフィット感が実現できます。しなやかで壊れにくい素材も嬉しいポイントです✨
Ari
面長顔ブルベ
寄り目
本社
#女性におすすめ
#初心者におすすめ
#上級者におすすめ
#お仕事にも使える
#べっこう柄
#モード
#キレイめ
#ドレッシー
#メガネ
#ピンク
#面長顔におすすめ
#フェミニン
#プラスチック
#日常使いにおすすめ
#強度数におすすめ",Ari.jpeg,https://www.zoff.co.jp/shop/contents/staff_gallery_detail.aspx?cid=55452722
Sara,ミカン下北店,丸顔,ブルベ,寄り目,,"#遠近両用, #お子様メガネ, #お仕事にも使える, #黒縁, #ユニセックスにおすすめ, #初心者におすすめ, #読書, #アニメ, #サウナ, #ショッピング","スタッフコメント
2025.11.19
おすすめポイント

⭐︎跳ね上げ式は、ビジネスシーンや日常生活で大活躍です

⭐︎カラーを入れると、アウトドアやファッションアイテムとしても◎

⭐︎太めのセルなので、跳ね上げ式感が少ない
Sara
丸顔ブルベ
寄り目
ミカン下北店
#ユニセックスにおすすめ
#初心者におすすめ
#上級者におすすめ
#お仕事にも使える
#黒縁
#モード
#メガネ
#丸顔におすすめ
#ベース顔におすすめ
#跳ね上げ式メガネ
#プラスチック",Sara.jpeg,https://www.zoff.co.jp/shop/contents/staff_gallery_detail.aspx?cid=55655798
片田翔悟,イオンモール大高店,面長,ブルベ,普通,,"#遠近両用, #フィッティング, #お仕事にも使える, #カジュアル, #ユニセックスにおすすめ, #お仕事用, #猫好き, #読書, #古着, #美容","スタッフコメント
2025.12.01
横幅がやや広めの スクエア寄りのウェリントン型チタンフレーム！
シャープすぎず、柔らかすぎないバランスのよい形なので、 面長・丸顔どちらにも合わせやすい万能形です。
色味も肌の色と馴染んで主張しすぎずオシャレに見せれます！
片田翔悟
面長顔ブルベ
普通
イオンモール大高店
#ユニセックスにおすすめ
#お仕事にも使える
#カジュアル
#メガネ
#チタン",片田翔悟.jpeg,https://www.zoff.co.jp/shop/contents/staff_gallery_detail.aspx?cid=56118829
いぐろ,下北沢店,面長,イエベ,普通,,"#フレーム選定, #修理マイスター, #四角顔, #ブルベ夏, #サングラス, #お仕事用, #犬好き, #音楽鑑賞, #キャンプ, #ショッピング",,いぐろ.jpeg,https://www.zoff.co.jp/shop/contents/staff_list_detail.aspx?staff_id=124985
osae,ルミネエスト新宿店,面長,ブルベ,寄り目,,"#レンズ知識, #視力測定, #イエベ向け, #ブルベ向け, #男性におすすめ, #女性におすすめ, #旅行, #犬好き, #古着, #アニメ","スタッフコメント
2025.12.05
ピンクのカラーレンズが差し色になるので、モノトーン系のコーディネートと相性がいいです✨
ライトカラーなので怖い印象になりにくく、秋冬使いやすいサングラスです。
osae
面長顔ブルベ
寄り目
ルミネエスト新宿店
#男性におすすめ
#女性におすすめ
#ユニセックスにおすすめ
#上級者におすすめ
#アウトドアにおすすめ
#イエベ向け
#ブルベ向け
#黒縁
#太縁
#モード
#カジュアル
#キレイめ
#すぐに使えるサングラス
#秋冬におすすめサングラス
#QOLメガネ
#中顔面短縮みえ
#サングラス
#ピンク
#丸顔におすすめ
#面長顔におすすめ
#卵顔におすすめ
#ライトカラーサングラス
#プラスチック",osae.jpeg,https://www.zoff.co.jp/shop/contents/staff_gallery_detail.aspx?cid=56264402
